Análisis de tipo multiobjetivo	;
Información básica	;
Hora de exportación: 2026/07/14 13:46:08	;
Operador: Touristcheck	;
Objetivo de estadísticas: Calle Fulladosa	;
Exportar contenido:Número de personas,Vehículos a motor,Vehículos sin motor	;
Hora del informe: 2025/12/01 00:00:00 - 2026/07/14 23:59:59	;

Personas totales	; 	; 	; 	; 	; 	;Total de vehículos a motor	; 	; 	; 	; 	; 	;Total de vehículos sin motor	;
Avanzar	; 	; 	;Retroceso	; 	; 	;Avanzar	; 	; 	;Retroceso	; 	; 	;Avanzar	; 	; 	;Retroceso	;
Valor	;Tasa de cambio (ciclo tras ciclo)	;Tasa de cambio (año tras año)	;Valor	;Tasa de cambio (ciclo tras ciclo)	;Tasa de cambio (año tras año)	;Valor	;Tasa de cambio (ciclo tras ciclo)	;Tasa de cambio (año tras año)	;Valor	;Tasa de cambio (ciclo tras ciclo)	;Tasa de cambio (año tras año)	;Valor	;Tasa de cambio (ciclo tras ciclo)	;Tasa de cambio (año tras año)	;Valor	;Tasa de cambio (ciclo tras ciclo)	;Tasa de cambio (año tras año)	;
66971	;Disminuir por36.6%	;Aumentar por57.9%	;91129	;Disminuir por37.0%	;Aumentar por66.5%	;293	;Disminuir por25.6%	;Aumentar por78.7%	;3460	;Aumentar por4.9%	;Aumentar por171.8%	;2224	;Disminuir por19.7%	;Aumentar por95.9%	;4631	;Disminuir por20.8%	;Aumentar por116.6%	;

N.º	;Hora	;Personas	; 	; 	; 	; 	; 	;Vehículos a motor	; 	; 	; 	; 	; 	;Vehículos sin motor	;
	;	;Avanzar	; 	; 	;Retroceso	; 	; 	;Avanzar	; 	; 	;Retroceso	; 	; 	;Avanzar	; 	; 	;Retroceso	;
	;	;Valor	;Tasa de cambio (ciclo tras ciclo)	;Tasa de cambio (año tras año)	;Valor	;Tasa de cambio (ciclo tras ciclo)	;Tasa de cambio (año tras año)	;Valor	;Tasa de cambio (ciclo tras ciclo)	;Tasa de cambio (año tras año)	;Valor	;Tasa de cambio (ciclo tras ciclo)	;Tasa de cambio (año tras año)	;Valor	;Tasa de cambio (ciclo tras ciclo)	;Tasa de cambio (año tras año)	;Valor	;Tasa de cambio (ciclo tras ciclo)	;Tasa de cambio (año tras año)	;
1	;(Lunes)2025/12/01	;83	;Disminuir por94.4%	; --%	;87	;Disminuir por94.7%	; --%	;0	;Disminuir por100.0%	; --%	;6	;Disminuir por14.3%	; --%	;6	;Disminuir por71.4%	; --%	;17	;Disminuir por22.7%	; --%	;
2	;(Martes)2025/12/02	;97	;Disminuir por91.2%	; --%	;87	;Disminuir por94.2%	; --%	;2	;Disminuir por33.3%	; --%	;16	;Aumentar por60.0%	; --%	;10	;Aumentar por25.0%	; --%	;19	;Disminuir por17.4%	; --%	;
3	;(Miércoles)2025/12/03	;127	;Disminuir por83.7%	; --%	;137	;Disminuir por84.5%	; --%	;1	; --%	; --%	;15	;Aumentar por275.0%	; --%	;3	;Disminuir por81.3%	; --%	;10	;Disminuir por52.4%	; --%	;
4	;(Jueves)2025/12/04	;176	;Disminuir por39.1%	; --%	;164	;Disminuir por45.5%	; --%	;1	; --%	; --%	;23	;Aumentar por91.7%	; --%	;4	;Disminuir por42.9%	; --%	;15	;Aumentar por50.0%	; --%	;
5	;(Viernes)2025/12/05	;258	;Disminuir por35.0%	; --%	;265	;Disminuir por41.9%	; --%	;3	; --%	; --%	;18	;Aumentar por100.0%	; --%	;4	;Disminuir por55.6%	; --%	;18	;Aumentar por20.0%	; --%	;
6	;(Sábado)2025/12/06	;574	;Aumentar por47.9%	; --%	;1011	;Aumentar por136.8%	; --%	;1	;Sin cambios	; --%	;10	;Disminuir por41.2%	; --%	;8	;Aumentar por33.3%	; --%	;35	;Aumentar por52.2%	; --%	;
7	;(Domingo)2025/12/07	;825	;Aumentar por133.7%	; --%	;1259	;Aumentar por169.6%	; --%	;0	;Disminuir por100.0%	; --%	;7	;Disminuir por68.2%	; --%	;16	;Aumentar por128.6%	; --%	;40	;Aumentar por73.9%	; --%	;
8	;(Lunes)2025/12/08	;253	;Disminuir por61.8%	; --%	;313	;Disminuir por54.7%	; --%	;0	; --%	; --%	;3	;Disminuir por70.0%	; --%	;10	;Disminuir por23.1%	; --%	;21	;Disminuir por22.2%	; --%	;
9	;(Martes)2025/12/09	;173	;Disminuir por66.1%	; --%	;117	;Disminuir por84.0%	; --%	;0	; --%	; --%	;15	;Aumentar por200.0%	; --%	;2	;Disminuir por33.3%	; --%	;14	;Disminuir por12.5%	; --%	;
10	;(Miércoles)2025/12/10	;109	;Aumentar por21.1%	; --%	;118	;Aumentar por9.3%	; --%	;1	;Disminuir por50.0%	; --%	;14	;Aumentar por100.0%	; --%	;8	;Aumentar por700.0%	; --%	;14	;Aumentar por55.6%	; --%	;
11	;(Jueves)2025/12/11	;129	;Aumentar por21.7%	; --%	;143	;Aumentar por13.5%	; --%	;1	; --%	; --%	;14	;Aumentar por100.0%	; --%	;6	;Aumentar por200.0%	; --%	;16	;Aumentar por45.5%	; --%	;
12	;(Viernes)2025/12/12	;169	;Disminuir por40.5%	; --%	;184	;Disminuir por53.4%	; --%	;2	;Aumentar por100.0%	; --%	;16	;Disminuir por42.9%	; --%	;6	;Disminuir por25.0%	; --%	;15	;Disminuir por31.8%	; --%	;
13	;(Sábado)2025/12/13	;367	;Disminuir por60.9%	; --%	;557	;Disminuir por54.8%	; --%	;1	; --%	; --%	;8	;Aumentar por166.7%	; --%	;6	;Disminuir por14.3%	; --%	;21	;Aumentar por31.3%	; --%	;
14	;(Domingo)2025/12/14	;105	;Disminuir por91.5%	; --%	;163	;Disminuir por89.2%	; --%	;1	;Disminuir por66.7%	; --%	;12	;Disminuir por20.0%	; --%	;1	;Disminuir por96.8%	; --%	;6	;Disminuir por89.8%	; --%	;
15	;(Lunes)2025/12/15	;94	;Disminuir por89.5%	; --%	;91	;Disminuir por91.7%	; --%	;3	;Aumentar por200.0%	; --%	;17	;Aumentar por112.5%	; --%	;0	;Disminuir por100.0%	; --%	;4	;Disminuir por76.5%	; --%	;
16	;(Martes)2025/12/16	;82	;Disminuir por78.5%	; --%	;70	;Disminuir por88.4%	; --%	;2	;Aumentar por100.0%	; --%	;13	;Aumentar por333.3%	; --%	;3	;Disminuir por57.1%	; --%	;9	;Disminuir por60.9%	; --%	;
17	;(Miércoles)2025/12/17	;51	;Disminuir por77.6%	; --%	;57	;Disminuir por69.0%	; --%	;3	;Aumentar por50.0%	; --%	;19	;Sin cambios	; --%	;0	;Disminuir por100.0%	; --%	;2	;Disminuir por88.2%	; --%	;
18	;(Jueves)2025/12/18	;125	;Disminuir por33.9%	; --%	;165	;Disminuir por23.3%	; --%	;0	; --%	; --%	;16	;Aumentar por100.0%	; --%	;5	;Sin cambios	; --%	;20	;Disminuir por4.8%	; --%	;
19	;(Viernes)2025/12/19	;189	;Disminuir por10.0%	; --%	;206	;Disminuir por9.3%	; --%	;2	;Disminuir por33.3%	; --%	;31	;Aumentar por121.4%	; --%	;3	;Disminuir por66.7%	; --%	;22	;Disminuir por8.3%	; --%	;
20	;(Sábado)2025/12/20	;251	;Aumentar por74.3%	; --%	;429	;Aumentar por95.0%	; --%	;1	;Disminuir por94.7%	; --%	;21	;Disminuir por55.3%	; --%	;4	;Disminuir por42.9%	; --%	;26	;Aumentar por4.0%	; --%	;
21	;(Domingo)2025/12/21	;293	;Disminuir por7.9%	; --%	;301	;Disminuir por3.8%	; --%	;0	;Disminuir por100.0%	; --%	;9	;Disminuir por18.2%	; --%	;2	;Disminuir por75.0%	; --%	;10	;Disminuir por28.6%	; --%	;
22	;(Lunes)2025/12/22	;143	;Disminuir por58.3%	; --%	;206	;Disminuir por51.1%	; --%	;1	; --%	; --%	;19	;Aumentar por171.4%	; --%	;2	;Disminuir por71.4%	; --%	;11	;Disminuir por52.2%	; --%	;
23	;(Martes)2025/12/23	;122	;Disminuir por60.6%	; --%	;160	;Disminuir por67.1%	; --%	;5	;Aumentar por400.0%	; --%	;21	;Aumentar por162.5%	; --%	;5	;Disminuir por28.6%	; --%	;12	;Disminuir por33.3%	; --%	;
24	;(Miércoles)2025/12/24	;127	;Disminuir por18.1%	; --%	;137	;Disminuir por30.5%	; --%	;3	;Aumentar por200.0%	; --%	;12	;Aumentar por200.0%	; --%	;3	;Disminuir por66.7%	; --%	;9	;Disminuir por35.7%	; --%	;
25	;(Jueves)2025/12/25	;89	;Disminuir por52.9%	; --%	;160	;Disminuir por8.6%	; --%	;0	; --%	; --%	;9	; --%	; --%	;0	;Disminuir por100.0%	; --%	;3	;Disminuir por83.3%	; --%	;
26	;(Viernes)2025/12/26	;229	;Disminuir por11.9%	; --%	;396	;Aumentar por27.3%	; --%	;0	;Disminuir por100.0%	; --%	;7	;Aumentar por600.0%	; --%	;1	;Disminuir por88.9%	; --%	;3	;Disminuir por82.4%	; --%	;
27	;(Sábado)2025/12/27	;174	;Disminuir por13.4%	; --%	;253	;Disminuir por23.6%	; --%	;1	; --%	; --%	;7	;Aumentar por75.0%	; --%	;1	;Disminuir por87.5%	; --%	;3	;Disminuir por87.5%	; --%	;
28	;(Domingo)2025/12/28	;254	;Disminuir por38.8%	; --%	;303	;Disminuir por26.8%	; --%	;2	;Sin cambios	; --%	;54	;Aumentar por217.6%	; --%	;1	;Disminuir por83.3%	; --%	;11	;Disminuir por68.6%	; --%	;
29	;(Lunes)2025/12/29	;273	;Disminuir por49.1%	; --%	;337	;Disminuir por54.8%	; --%	;2	;Disminuir por87.5%	; --%	;81	;Aumentar por305.0%	; --%	;3	;Disminuir por76.9%	; --%	;21	;Disminuir por19.2%	; --%	;
30	;(Martes)2025/12/30	;289	;Disminuir por32.2%	; --%	;403	;Disminuir por22.2%	; --%	;0	;Disminuir por100.0%	; --%	;62	;Aumentar por1450.0%	; --%	;8	;Disminuir por33.3%	; --%	;34	;Aumentar por54.5%	; --%	;
31	;(Miércoles)2025/12/31	;244	;Aumentar por30.5%	; --%	;313	;Aumentar por51.2%	; --%	;6	;Aumentar por200.0%	; --%	;76	;Aumentar por484.6%	; --%	;3	;Disminuir por62.5%	; --%	;26	;Aumentar por4.0%	; --%	;
32	;(Jueves)2026/01/01	;271	;Aumentar por110.1%	; --%	;479	;Aumentar por85.7%	; --%	;0	; --%	; --%	;38	;Aumentar por245.5%	; --%	;2	;Disminuir por71.4%	; --%	;19	;Disminuir por5.0%	; --%	;
33	;(Viernes)2026/01/02	;295	;Aumentar por87.9%	; --%	;517	;Aumentar por179.5%	; --%	;0	;Disminuir por100.0%	; --%	;12	;Sin cambios	; --%	;4	;Disminuir por55.6%	; --%	;14	;Aumentar por7.7%	; --%	;
34	;(Sábado)2026/01/03	;299	;Aumentar por30.6%	; --%	;603	;Aumentar por159.9%	; --%	;0	;Disminuir por100.0%	; --%	;11	;Disminuir por57.7%	; --%	;3	;Disminuir por75.0%	; --%	;12	;Disminuir por52.0%	; --%	;
35	;(Domingo)2026/01/04	;167	;Disminuir por61.1%	; --%	;287	;Disminuir por37.6%	; --%	;0	;Disminuir por100.0%	; --%	;4	;Disminuir por66.7%	; --%	;1	;Disminuir por93.3%	; --%	;6	;Disminuir por75.0%	; --%	;
36	;(Lunes)2026/01/05	;77	;Disminuir por88.7%	; --%	;118	;Disminuir por86.3%	; --%	;1	; --%	; --%	;8	;Disminuir por11.1%	; --%	;1	;Disminuir por95.2%	; --%	;9	;Disminuir por52.6%	; --%	;
37	;(Martes)2026/01/06	;112	;Disminuir por74.7%	; --%	;206	;Disminuir por62.7%	; --%	;0	; --%	; --%	;8	;Aumentar por100.0%	; --%	;1	;Disminuir por94.4%	; --%	;4	;Disminuir por76.5%	; --%	;
38	;(Miércoles)2026/01/07	;91	;Disminuir por54.7%	; --%	;104	;Disminuir por58.1%	; --%	;0	;Disminuir por100.0%	; --%	;8	;Disminuir por33.3%	; --%	;4	;Disminuir por55.6%	; --%	;6	;Disminuir por60.0%	; --%	;
39	;(Jueves)2026/01/08	;84	;Disminuir por73.3%	; --%	;76	;Disminuir por69.5%	; --%	;0	;Disminuir por100.0%	; --%	;7	;Disminuir por22.2%	; --%	;2	;Disminuir por88.2%	; --%	;12	;Disminuir por36.8%	; --%	;
40	;(Viernes)2026/01/09	;89	;Disminuir por61.6%	; --%	;107	;Disminuir por53.3%	; --%	;3	;Aumentar por200.0%	; --%	;10	;Disminuir por60.0%	; --%	;1	;Disminuir por87.5%	; --%	;8	;Disminuir por65.2%	; --%	;
41	;(Sábado)2026/01/10	;126	;Disminuir por41.4%	; --%	;222	;Disminuir por13.3%	; --%	;1	;Disminuir por66.7%	; --%	;12	;Disminuir por57.1%	; --%	;3	;Disminuir por75.0%	; --%	;9	;Disminuir por40.0%	; --%	;
42	;(Domingo)2026/01/11	;96	;Disminuir por81.1%	; --%	;140	;Disminuir por74.5%	; --%	;0	;Disminuir por100.0%	; --%	;3	;Disminuir por87.0%	; --%	;1	;Disminuir por94.1%	; --%	;11	;Disminuir por63.3%	; --%	;
43	;(Lunes)2026/01/12	;81	;Disminuir por88.3%	; --%	;80	;Disminuir por90.1%	; --%	;1	; --%	; --%	;17	;Aumentar por466.7%	; --%	;1	;Disminuir por95.7%	; --%	;13	;Disminuir por50.0%	; --%	;
44	;(Martes)2026/01/13	;78	;Disminuir por82.6%	; --%	;105	;Disminuir por81.5%	; --%	;2	;Aumentar por100.0%	; --%	;18	;Aumentar por500.0%	; --%	;6	;Disminuir por40.0%	; --%	;12	;Disminuir por40.0%	; --%	;
45	;(Miércoles)2026/01/14	;360	;Aumentar por55.8%	; --%	;360	;Aumentar por25.9%	; --%	;4	;Sin cambios	; --%	;21	;Aumentar por61.5%	; --%	;32	;Aumentar por220.0%	; --%	;48	;Aumentar por84.6%	; --%	;
46	;(Jueves)2026/01/15	;83	;Disminuir por72.3%	; --%	;92	;Disminuir por67.3%	; --%	;0	;Disminuir por100.0%	; --%	;14	;Disminuir por46.2%	; --%	;2	;Disminuir por80.0%	; --%	;14	;Disminuir por39.1%	; --%	;
47	;(Viernes)2026/01/16	;88	;Disminuir por71.2%	; --%	;96	;Disminuir por68.6%	; --%	;1	;Disminuir por83.3%	; --%	;21	;Disminuir por22.2%	; --%	;3	;Disminuir por81.3%	; --%	;18	;Disminuir por18.2%	; --%	;
48	;(Sábado)2026/01/17	;71	;Disminuir por71.5%	; --%	;98	;Disminuir por67.8%	; --%	;2	;Sin cambios	; --%	;14	;Disminuir por30.0%	; --%	;4	;Disminuir por66.7%	; --%	;1	;Disminuir por96.6%	; --%	;
49	;(Domingo)2026/01/18	;69	;Disminuir por84.1%	; --%	;115	;Disminuir por79.5%	; --%	;0	;Disminuir por100.0%	; --%	;2	;Disminuir por92.0%	; --%	;1	;Disminuir por93.8%	; --%	;2	;Disminuir por91.7%	; --%	;
50	;(Lunes)2026/01/19	;68	;Disminuir por89.5%	; --%	;65	;Disminuir por92.5%	; --%	;1	; --%	; --%	;15	;Sin cambios	; --%	;1	;Disminuir por93.8%	; --%	;10	;Disminuir por64.3%	; --%	;
51	;(Martes)2026/01/20	;56	;Disminuir por90.3%	; --%	;61	;Disminuir por92.7%	; --%	;1	;Sin cambios	; --%	;13	;Aumentar por333.3%	; --%	;0	;Disminuir por100.0%	; --%	;2	;Disminuir por90.9%	; --%	;
52	;(Miércoles)2026/01/21	;98	;Disminuir por74.7%	; --%	;106	;Disminuir por77.1%	; --%	;1	;Sin cambios	; --%	;23	;Aumentar por64.3%	; --%	;1	;Disminuir por87.5%	; --%	;7	;Disminuir por65.0%	; --%	;
53	;(Jueves)2026/01/22	;112	;Disminuir por79.4%	; --%	;77	;Disminuir por88.8%	; --%	;1	;Sin cambios	; --%	;9	;Disminuir por10.0%	; --%	;4	;Disminuir por75.0%	; --%	;15	;Disminuir por46.4%	; --%	;
54	;(Viernes)2026/01/23	;114	;Disminuir por72.4%	; --%	;112	;Disminuir por79.5%	; --%	;12	;Aumentar por200.0%	; --%	;27	;Aumentar por50.0%	; --%	;4	;Disminuir por75.0%	; --%	;12	;Disminuir por52.0%	; --%	;
55	;(Sábado)2026/01/24	;168	;Disminuir por55.2%	; --%	;394	;Aumentar por4.5%	; --%	;2	;Aumentar por100.0%	; --%	;13	;Disminuir por31.6%	; --%	;1	;Disminuir por93.3%	; --%	;36	;Aumentar por28.6%	; --%	;
56	;(Domingo)2026/01/25	;349	;Disminuir por34.0%	; --%	;274	;Disminuir por56.9%	; --%	;0	;Disminuir por100.0%	; --%	;7	;Disminuir por76.7%	; --%	;22	;Aumentar por57.1%	; --%	;24	;Aumentar por26.3%	; --%	;
57	;(Lunes)2026/01/26	;88	;Disminuir por84.5%	; --%	;97	;Disminuir por88.5%	; --%	;0	; --%	; --%	;8	;Disminuir por11.1%	; --%	;6	;Disminuir por62.5%	; --%	;11	;Disminuir por42.1%	; --%	;
58	;(Martes)2026/01/27	;118	;Disminuir por76.8%	; --%	;110	;Disminuir por83.8%	; --%	;3	; --%	; --%	;20	;Aumentar por100.0%	; --%	;4	;Disminuir por60.0%	; --%	;9	;Disminuir por64.0%	; --%	;
59	;(Miércoles)2026/01/28	;87	;Disminuir por76.7%	; --%	;91	;Disminuir por83.3%	; --%	;1	;Disminuir por50.0%	; --%	;23	;Aumentar por21.1%	; --%	;4	;Disminuir por78.9%	; --%	;8	;Disminuir por55.6%	; --%	;
60	;(Jueves)2026/01/29	;105	;Disminuir por71.8%	; --%	;101	;Disminuir por81.4%	; --%	;1	; --%	; --%	;12	;Aumentar por20.0%	; --%	;3	;Disminuir por76.9%	; --%	;11	;Disminuir por63.3%	; --%	;
61	;(Viernes)2026/01/30	;92	;Disminuir por73.4%	; --%	;100	;Disminuir por79.6%	; --%	;0	;Disminuir por100.0%	; --%	;11	;Disminuir por63.3%	; --%	;6	;Disminuir por70.0%	; --%	;18	;Disminuir por35.7%	; --%	;
62	;(Sábado)2026/01/31	;120	;Disminuir por74.8%	; --%	;198	;Disminuir por62.4%	; --%	;1	;Disminuir por66.7%	; --%	;4	;Disminuir por83.3%	; --%	;1	;Disminuir por94.7%	; --%	;10	;Disminuir por69.7%	; --%	;
63	;(Domingo)2026/02/01	;60	;Disminuir por86.4%	; --%	;126	;Disminuir por76.6%	; --%	;0	; --%	; --%	;6	;Disminuir por71.4%	; --%	;0	;Disminuir por100.0%	; --%	;11	;Disminuir por60.7%	; --%	;
64	;(Lunes)2026/02/02	;82	;Disminuir por90.7%	; --%	;87	;Disminuir por92.3%	; --%	;0	; --%	; --%	;9	;Disminuir por18.2%	; --%	;7	;Disminuir por22.2%	; --%	;21	;Disminuir por22.2%	; --%	;
65	;(Martes)2026/02/03	;103	;Disminuir por84.9%	; --%	;114	;Disminuir por90.4%	; --%	;0	; --%	; --%	;19	;Aumentar por375.0%	; --%	;4	;Disminuir por42.9%	; --%	;13	;Disminuir por59.4%	; --%	;
66	;(Miércoles)2026/02/04	;87	;Disminuir por84.7%	; --%	;126	;Disminuir por82.9%	; --%	;0	;Disminuir por100.0%	; --%	;12	;Disminuir por45.5%	; --%	;7	;Disminuir por56.3%	; --%	;15	;Disminuir por44.4%	; --%	;
67	;(Jueves)2026/02/05	;98	;Disminuir por82.2%	; --%	;100	;Disminuir por86.2%	; --%	;2	; --%	; --%	;12	;Disminuir por14.3%	; --%	;4	;Disminuir por77.8%	; --%	;10	;Disminuir por52.4%	; --%	;
68	;(Viernes)2026/02/06	;112	;Disminuir por76.2%	; --%	;139	;Disminuir por80.2%	; --%	;0	;Disminuir por100.0%	; --%	;13	;Disminuir por23.5%	; --%	;5	;Disminuir por78.3%	; --%	;22	;Disminuir por31.3%	; --%	;
69	;(Sábado)2026/02/07	;177	;Disminuir por67.7%	; --%	;276	;Disminuir por63.2%	; --%	;0	;Disminuir por100.0%	; --%	;7	;Disminuir por74.1%	; --%	;1	;Disminuir por95.7%	; --%	;11	;Disminuir por72.5%	; --%	;
70	;(Domingo)2026/02/08	;112	;Disminuir por79.5%	; --%	;192	;Disminuir por77.0%	; --%	;0	;Disminuir por100.0%	; --%	;4	;Disminuir por81.0%	; --%	;0	;Disminuir por100.0%	; --%	;12	;Disminuir por62.5%	; --%	;
71	;(Lunes)2026/02/09	;52	;Disminuir por93.2%	; --%	;80	;Disminuir por92.7%	; --%	;0	; --%	; --%	;12	;Disminuir por7.7%	; --%	;5	;Disminuir por61.5%	; --%	;12	;Disminuir por60.0%	; --%	;
72	;(Martes)2026/02/10	;95	;Disminuir por77.6%	; --%	;106	;Disminuir por87.4%	; --%	;0	;Disminuir por100.0%	; --%	;9	;Sin cambios	; --%	;4	;Disminuir por55.6%	; --%	;16	;Disminuir por51.5%	; --%	;
73	;(Miércoles)2026/02/11	;146	;Disminuir por57.9%	; --%	;157	;Disminuir por67.4%	; --%	;1	;Disminuir por50.0%	; --%	;13	;Disminuir por27.8%	; --%	;7	;Disminuir por65.0%	; --%	;21	;Disminuir por34.4%	; --%	;
74	;(Jueves)2026/02/12	;85	;Disminuir por74.6%	; --%	;95	;Disminuir por82.0%	; --%	;0	;Disminuir por100.0%	; --%	;9	;Disminuir por55.0%	; --%	;8	;Disminuir por57.9%	; --%	;17	;Disminuir por54.1%	; --%	;
75	;(Viernes)2026/02/13	;116	;Disminuir por78.2%	; --%	;141	;Disminuir por80.1%	; --%	;1	;Disminuir por66.7%	; --%	;22	;Disminuir por4.3%	; --%	;3	;Disminuir por89.7%	; --%	;11	;Disminuir por78.0%	; --%	;
76	;(Sábado)2026/02/14	;157	;Disminuir por69.6%	; --%	;213	;Disminuir por72.2%	; --%	;0	;Disminuir por100.0%	; --%	;3	;Disminuir por85.7%	; --%	;2	;Disminuir por84.6%	; --%	;3	;Disminuir por89.3%	; --%	;
77	;(Domingo)2026/02/15	;219	;Disminuir por62.6%	; --%	;324	;Disminuir por61.4%	; --%	;0	;Disminuir por100.0%	; --%	;6	;Disminuir por76.9%	; --%	;1	;Disminuir por95.2%	; --%	;7	;Disminuir por80.6%	; --%	;
78	;(Lunes)2026/02/16	;109	;Disminuir por86.7%	; --%	;107	;Disminuir por88.7%	; --%	;1	;Sin cambios	; --%	;13	;Aumentar por44.4%	; --%	;5	;Disminuir por54.5%	; --%	;16	;Disminuir por15.8%	; --%	;
79	;(Martes)2026/02/17	;149	;Disminuir por75.9%	; --%	;157	;Disminuir por80.9%	; --%	;1	;Disminuir por50.0%	; --%	;11	;Aumentar por22.2%	; --%	;8	;Disminuir por11.1%	; --%	;21	;Disminuir por16.0%	; --%	;
80	;(Miércoles)2026/02/18	;340	;Disminuir por20.9%	; --%	;383	;Disminuir por34.6%	; --%	;3	;Aumentar por50.0%	; --%	;12	;Disminuir por58.6%	; --%	;4	;Disminuir por80.0%	; --%	;12	;Disminuir por55.6%	; --%	;
81	;(Jueves)2026/02/19	;142	;Disminuir por81.1%	; --%	;182	;Disminuir por82.8%	; --%	;1	;Disminuir por50.0%	; --%	;18	;Sin cambios	; --%	;3	;Disminuir por86.4%	; --%	;15	;Disminuir por51.6%	; --%	;
82	;(Viernes)2026/02/20	;171	;Disminuir por77.0%	; --%	;229	;Disminuir por74.8%	; --%	;1	;Disminuir por75.0%	; --%	;6	;Disminuir por60.0%	; --%	;8	;Disminuir por11.1%	; --%	;22	;Aumentar por29.4%	; --%	;
83	;(Sábado)2026/02/21	;179	;Disminuir por63.5%	; --%	;285	;Disminuir por61.0%	; --%	;0	;Disminuir por100.0%	; --%	;7	;Disminuir por74.1%	; --%	;6	;Disminuir por71.4%	; --%	;20	;Disminuir por13.0%	; --%	;
84	;(Domingo)2026/02/22	;215	;Disminuir por70.9%	; --%	;301	;Disminuir por67.0%	; --%	;1	;Sin cambios	; --%	;9	;Disminuir por43.8%	; --%	;3	;Disminuir por85.0%	; --%	;16	;Disminuir por60.0%	; --%	;
85	;(Lunes)2026/02/23	;107	;Disminuir por85.0%	; --%	;125	;Disminuir por88.3%	; --%	;0	;Disminuir por100.0%	; --%	;19	;Aumentar por90.0%	; --%	;1	;Disminuir por90.9%	; --%	;13	;Disminuir por48.0%	; --%	;
86	;(Martes)2026/02/24	;95	;Disminuir por83.9%	; --%	;133	;Disminuir por86.2%	; --%	;1	; --%	; --%	;13	;Aumentar por333.3%	; --%	;4	;Disminuir por66.7%	; --%	;13	;Disminuir por45.8%	; --%	;
87	;(Miércoles)2026/02/25	;137	;Disminuir por67.0%	; --%	;132	;Disminuir por77.8%	; --%	;7	; --%	; --%	;19	;Disminuir por24.0%	; --%	;5	;Disminuir por61.5%	; --%	;18	;Disminuir por47.1%	; --%	;
88	;(Jueves)2026/02/26	;115	;Disminuir por81.1%	; --%	;173	;Disminuir por79.2%	; --%	;6	;Aumentar por200.0%	; --%	;13	;Disminuir por51.9%	; --%	;7	;Disminuir por56.3%	; --%	;18	;Disminuir por40.0%	; --%	;
89	;(Viernes)2026/02/27	;168	;Disminuir por72.8%	; --%	;211	;Disminuir por77.4%	; --%	;2	;Aumentar por100.0%	; --%	;21	;Aumentar por5.0%	; --%	;5	;Disminuir por80.0%	; --%	;13	;Disminuir por59.4%	; --%	;
90	;(Sábado)2026/02/28	;333	;Disminuir por45.2%	; --%	;413	;Disminuir por56.3%	; --%	;0	;Disminuir por100.0%	; --%	;10	;Disminuir por63.0%	; --%	;2	;Disminuir por88.2%	; --%	;9	;Disminuir por64.0%	; --%	;
91	;(Domingo)2026/03/01	;156	;Disminuir por81.5%	; --%	;249	;Disminuir por77.4%	; --%	;0	;Disminuir por100.0%	; --%	;11	;Disminuir por59.3%	; --%	;2	;Disminuir por92.6%	; --%	;14	;Disminuir por57.6%	; --%	;
92	;(Lunes)2026/03/02	;89	;Disminuir por89.9%	; --%	;94	;Disminuir por91.5%	; --%	;1	;Sin cambios	; --%	;15	;Aumentar por36.4%	; --%	;5	;Disminuir por75.0%	; --%	;11	;Disminuir por62.1%	; --%	;
93	;(Martes)2026/03/03	;42	;Disminuir por94.5%	; --%	;33	;Disminuir por96.7%	; --%	;2	;Aumentar por100.0%	; --%	;2	;Disminuir por66.7%	; --%	;1	;Disminuir por93.8%	; --%	;4	;Disminuir por87.5%	; --%	;
94	;(Miércoles)2026/03/04	;108	;Disminuir por80.1%	; --%	;90	;Disminuir por90.6%	; --%	;0	;Disminuir por100.0%	; --%	;14	;Disminuir por17.6%	; --%	;2	;Disminuir por90.0%	; --%	;5	;Disminuir por83.3%	; --%	;
95	;(Jueves)2026/03/05	;57	;Disminuir por91.6%	; --%	;92	;Disminuir por91.3%	; --%	;0	;Disminuir por100.0%	; --%	;17	;Disminuir por19.0%	; --%	;0	;Disminuir por100.0%	; --%	;3	;Disminuir por92.5%	; --%	;
96	;(Viernes)2026/03/06	;79	;Disminuir por89.5%	; --%	;127	;Disminuir por89.1%	; --%	;0	;Disminuir por100.0%	; --%	;19	;Aumentar por46.2%	; --%	;3	;Disminuir por86.4%	; --%	;5	;Disminuir por84.4%	; --%	;
97	;(Sábado)2026/03/07	;41	;Disminuir por96.1%	; --%	;106	;Disminuir por93.4%	; --%	;1	;Sin cambios	; --%	;15	;Disminuir por34.8%	; --%	;1	;Disminuir por95.0%	; --%	;2	;Disminuir por94.4%	; --%	;
98	;(Domingo)2026/03/08	;106	;Disminuir por87.3%	; --%	;272	;Disminuir por75.8%	; --%	;3	; --%	; --%	;9	;Disminuir por64.0%	; --%	;3	;Disminuir por82.4%	; --%	;6	;Disminuir por78.6%	; --%	;
99	;(Lunes)2026/03/09	;135	;Disminuir por87.7%	; --%	;156	;Disminuir por88.6%	; --%	;1	;Sin cambios	; --%	;11	;Aumentar por10.0%	; --%	;7	;Disminuir por41.7%	; --%	;13	;Disminuir por56.7%	; --%	;
100	;(Martes)2026/03/10	;87	;Disminuir por90.2%	; --%	;120	;Disminuir por90.4%	; --%	;0	; --%	; --%	;18	;Aumentar por50.0%	; --%	;2	;Disminuir por87.5%	; --%	;11	;Disminuir por54.2%	; --%	;
101	;(Miércoles)2026/03/11	;156	;Disminuir por83.8%	; --%	;172	;Disminuir por87.0%	; --%	;2	;Disminuir por50.0%	; --%	;24	;Disminuir por4.0%	; --%	;4	;Disminuir por73.3%	; --%	;12	;Disminuir por64.7%	; --%	;
102	;(Jueves)2026/03/12	;112	;Disminuir por86.3%	; --%	;132	;Disminuir por89.0%	; --%	;6	;Aumentar por200.0%	; --%	;13	;Disminuir por43.5%	; --%	;6	;Disminuir por64.7%	; --%	;11	;Disminuir por66.7%	; --%	;
103	;(Viernes)2026/03/13	;124	;Disminuir por86.1%	; --%	;185	;Disminuir por84.9%	; --%	;2	;Disminuir por50.0%	; --%	;11	;Disminuir por57.7%	; --%	;9	;Disminuir por52.6%	; --%	;23	;Disminuir por43.9%	; --%	;
104	;(Sábado)2026/03/14	;176	;Disminuir por77.5%	; --%	;341	;Disminuir por68.2%	; --%	;1	;Disminuir por50.0%	; --%	;9	;Disminuir por64.0%	; --%	;1	;Disminuir por94.4%	; --%	;13	;Disminuir por61.8%	; --%	;
105	;(Domingo)2026/03/15	;164	;Disminuir por77.3%	; --%	;397	;Disminuir por65.2%	; --%	;0	;Disminuir por100.0%	; --%	;6	;Disminuir por64.7%	; --%	;1	;Disminuir por95.5%	; --%	;7	;Disminuir por81.1%	; --%	;
106	;(Lunes)2026/03/16	;109	;Disminuir por87.7%	; --%	;165	;Disminuir por87.2%	; --%	;2	;Aumentar por100.0%	; --%	;19	;Aumentar por26.7%	; --%	;12	;Disminuir por45.5%	; --%	;20	;Disminuir por48.7%	; --%	;
107	;(Martes)2026/03/17	;119	;Disminuir por82.3%	; --%	;158	;Disminuir por86.5%	; --%	;1	;Disminuir por50.0%	; --%	;8	;Disminuir por46.7%	; --%	;3	;Disminuir por78.6%	; --%	;9	;Disminuir por65.4%	; --%	;
108	;(Miércoles)2026/03/18	;166	;Disminuir por77.6%	; --%	;177	;Disminuir por85.0%	; --%	;1	;Sin cambios	; --%	;4	;Disminuir por77.8%	; --%	;6	;Disminuir por70.0%	; --%	;10	;Disminuir por74.4%	; --%	;
109	;(Jueves)2026/03/19	;181	;Disminuir por86.7%	; --%	;267	;Disminuir por84.5%	; --%	;0	;Disminuir por100.0%	; --%	;9	;Disminuir por64.0%	; --%	;8	;Disminuir por42.9%	; --%	;25	;Disminuir por7.4%	; --%	;
110	;(Viernes)2026/03/20	;254	;Disminuir por72.9%	; --%	;340	;Disminuir por75.0%	; --%	;0	;Disminuir por100.0%	; --%	;14	;Disminuir por12.5%	; --%	;12	;Aumentar por33.3%	; --%	;17	;Disminuir por61.4%	; --%	;
111	;(Sábado)2026/03/21	;369	;Disminuir por58.9%	; --%	;496	;Disminuir por61.5%	; --%	;1	;Disminuir por50.0%	; --%	;6	;Disminuir por70.0%	; --%	;3	;Disminuir por82.4%	; --%	;17	;Disminuir por55.3%	; --%	;
112	;(Domingo)2026/03/22	;235	;Disminuir por73.1%	; --%	;408	;Disminuir por67.6%	; --%	;0	;Disminuir por100.0%	; --%	;8	;Disminuir por60.0%	; --%	;7	;Disminuir por69.6%	; --%	;24	;Disminuir por7.7%	; --%	;
113	;(Lunes)2026/03/23	;111	;Disminuir por88.3%	; --%	;104	;Disminuir por91.4%	; --%	;0	;Disminuir por100.0%	; --%	;2	;Disminuir por83.3%	; --%	;4	;Disminuir por76.5%	; --%	;13	;Disminuir por55.2%	; --%	;
114	;(Martes)2026/03/24	;177	;Disminuir por79.6%	; --%	;178	;Disminuir por86.3%	; --%	;3	;Aumentar por200.0%	; --%	;11	;Aumentar por22.2%	; --%	;5	;Disminuir por77.3%	; --%	;12	;Disminuir por61.3%	; --%	;
115	;(Miércoles)2026/03/25	;113	;Disminuir por87.7%	; --%	;125	;Disminuir por90.1%	; --%	;0	;Disminuir por100.0%	; --%	;0	;Disminuir por100.0%	; --%	;4	;Disminuir por69.2%	; --%	;10	;Disminuir por69.7%	; --%	;
116	;(Jueves)2026/03/26	;134	;Disminuir por85.9%	; --%	;158	;Disminuir por87.9%	; --%	;2	;Disminuir por60.0%	; --%	;8	;Disminuir por73.3%	; --%	;3	;Disminuir por78.6%	; --%	;17	;Disminuir por57.5%	; --%	;
117	;(Viernes)2026/03/27	;250	;Disminuir por71.8%	; --%	;292	;Disminuir por78.7%	; --%	;0	;Disminuir por100.0%	; --%	;7	;Disminuir por66.7%	; --%	;6	;Disminuir por81.8%	; --%	;15	;Disminuir por68.1%	; --%	;
118	;(Sábado)2026/03/28	;470	;Disminuir por45.2%	; --%	;595	;Disminuir por52.4%	; --%	;0	;Disminuir por100.0%	; --%	;7	;Disminuir por58.8%	; --%	;9	;Disminuir por60.9%	; --%	;18	;Disminuir por50.0%	; --%	;
119	;(Domingo)2026/03/29	;515	;Disminuir por40.2%	; --%	;922	;Disminuir por33.9%	; --%	;1	; --%	; --%	;7	;Disminuir por53.3%	; --%	;10	;Disminuir por50.0%	; --%	;27	;Disminuir por15.6%	; --%	;
120	;(Lunes)2026/03/30	;331	;Disminuir por64.7%	; --%	;475	;Disminuir por63.2%	; --%	;0	; --%	; --%	;15	;Aumentar por50.0%	; --%	;7	;Disminuir por12.5%	; --%	;38	;Sin cambios	; --%	;
121	;(Martes)2026/03/31	;409	;Disminuir por47.4%	; --%	;643	;Disminuir por42.8%	; --%	;4	; --%	; --%	;24	;Aumentar por300.0%	; --%	;10	;Disminuir por41.2%	; --%	;23	;Disminuir por56.6%	; --%	;
122	;(Miércoles)2026/04/01	;550	;Disminuir por9.2%	; --%	;652	;Disminuir por40.2%	; --%	;6	;Aumentar por200.0%	; --%	;37	;Aumentar por117.6%	; --%	;11	;Disminuir por15.4%	; --%	;22	;Disminuir por18.5%	; --%	;
123	;(Jueves)2026/04/02	;1473	;Aumentar por51.5%	; --%	;2309	;Aumentar por68.7%	; --%	;1	;Sin cambios	; --%	;20	;Disminuir por25.9%	; --%	;22	;Aumentar por10.0%	; --%	;56	;Aumentar por75.0%	; --%	;
124	;(Viernes)2026/04/03	;1543	;Aumentar por51.3%	; --%	;2001	;Aumentar por42.1%	; --%	;3	; --%	; --%	;14	;Aumentar por75.0%	; --%	;12	;Disminuir por47.8%	; --%	;36	;Aumentar por20.0%	; --%	;
125	;(Sábado)2026/04/04	;1703	;Aumentar por77.8%	; --%	;2087	;Aumentar por45.7%	; --%	;1	;Disminuir por66.7%	; --%	;15	;Disminuir por31.8%	; --%	;23	;Disminuir por4.2%	; --%	;35	;Disminuir por7.9%	; --%	;
126	;(Domingo)2026/04/05	;1275	;Aumentar por40.0%	; --%	;2061	;Aumentar por72.5%	; --%	;1	; --%	; --%	;3	;Disminuir por81.3%	; --%	;22	;Aumentar por22.2%	; --%	;39	;Aumentar por18.2%	; --%	;
127	;(Lunes)2026/04/06	;490	;Disminuir por45.4%	; --%	;677	;Disminuir por49.2%	; --%	;2	; --%	; --%	;8	;Disminuir por11.1%	; --%	;19	;Aumentar por35.7%	; --%	;27	;Disminuir por20.6%	; --%	;
128	;(Martes)2026/04/07	;209	;Disminuir por70.4%	; --%	;364	;Disminuir por67.4%	; --%	;2	;Sin cambios	; --%	;10	;Aumentar por66.7%	; --%	;6	;Disminuir por40.0%	; --%	;16	;Disminuir por48.4%	; --%	;
129	;(Miércoles)2026/04/08	;261	;Disminuir por61.0%	; --%	;336	;Disminuir por68.4%	; --%	;4	;Aumentar por300.0%	; --%	;17	;Disminuir por26.1%	; --%	;6	;Disminuir por40.0%	; --%	;15	;Disminuir por6.3%	; --%	;
130	;(Jueves)2026/04/09	;343	;Disminuir por60.4%	; --%	;369	;Disminuir por68.8%	; --%	;6	;Aumentar por20.0%	; --%	;28	;Aumentar por33.3%	; --%	;11	;Disminuir por31.3%	; --%	;19	;Disminuir por47.2%	; --%	;
131	;(Viernes)2026/04/10	;437	;Disminuir por43.1%	; --%	;456	;Disminuir por61.6%	; --%	;1	;Disminuir por66.7%	; --%	;22	;Aumentar por15.8%	; --%	;13	;Aumentar por44.4%	; --%	;15	;Disminuir por44.4%	; --%	;
132	;(Sábado)2026/04/11	;457	;Disminuir por44.1%	; --%	;660	;Disminuir por35.4%	; --%	;1	;Disminuir por80.0%	; --%	;8	;Disminuir por70.4%	; --%	;8	;Disminuir por69.2%	; --%	;14	;Disminuir por68.9%	; --%	;
133	;(Domingo)2026/04/12	;177	;Disminuir por77.8%	; --%	;387	;Disminuir por61.9%	; --%	;0	;Disminuir por100.0%	; --%	;10	;Disminuir por44.4%	; --%	;2	;Disminuir por88.9%	; --%	;7	;Disminuir por80.0%	; --%	;
134	;(Lunes)2026/04/13	;232	;Disminuir por69.8%	; --%	;327	;Disminuir por66.0%	; --%	;0	; --%	; --%	;10	;Aumentar por25.0%	; --%	;1	;Disminuir por93.8%	; --%	;12	;Disminuir por45.5%	; --%	;
135	;(Martes)2026/04/14	;149	;Disminuir por73.3%	; --%	;241	;Disminuir por72.1%	; --%	;0	;Disminuir por100.0%	; --%	;13	;Aumentar por85.7%	; --%	;4	;Disminuir por55.6%	; --%	;21	;Aumentar por31.3%	; --%	;
136	;(Miércoles)2026/04/15	;212	;Disminuir por45.5%	; --%	;325	;Disminuir por43.1%	; --%	;1	;Disminuir por66.7%	; --%	;13	;Sin cambios	; --%	;6	;Disminuir por57.1%	; --%	;18	;Disminuir por51.4%	; --%	;
137	;(Jueves)2026/04/16	;187	;Disminuir por69.8%	; --%	;268	;Disminuir por72.2%	; --%	;0	;Disminuir por100.0%	; --%	;19	;Aumentar por58.3%	; --%	;7	;Disminuir por30.0%	; --%	;20	;Disminuir por31.0%	; --%	;
138	;(Viernes)2026/04/17	;233	;Disminuir por62.4%	; --%	;251	;Disminuir por69.4%	; --%	;0	; --%	; --%	;15	;Sin cambios	; --%	;11	;Disminuir por45.0%	; --%	;17	;Disminuir por41.4%	; --%	;
139	;(Sábado)2026/04/18	;478	;Disminuir por11.5%	;Disminuir por70.2%	;685	;Disminuir por4.6%	;Disminuir por64.0%	;0	;Disminuir por100.0%	; --%	;3	;Disminuir por87.0%	;Aumentar por50.0%	;9	;Disminuir por40.0%	;Disminuir por35.7%	;14	;Disminuir por56.3%	;Disminuir por6.7%	;
140	;(Domingo)2026/04/19	;255	;Disminuir por61.1%	;Disminuir por82.7%	;389	;Disminuir por61.6%	;Disminuir por76.5%	;0	; --%	;Disminuir por100.0%	;4	;Disminuir por84.0%	;Disminuir por42.9%	;12	;Disminuir por33.3%	;Disminuir por42.9%	;13	;Disminuir por48.0%	;Disminuir por40.9%	;
141	;(Lunes)2026/04/20	;139	;Disminuir por85.6%	;Disminuir por87.4%	;190	;Disminuir por83.8%	;Disminuir por87.4%	;0	; --%	;Disminuir por100.0%	;13	;Aumentar por44.4%	;Aumentar por30.0%	;6	;Disminuir por71.4%	;Disminuir por25.0%	;23	;Disminuir por4.2%	;Sin cambios	;
142	;(Martes)2026/04/21	;170	;Disminuir por68.6%	;Disminuir por78.1%	;178	;Disminuir por76.1%	;Disminuir por79.8%	;1	; --%	; --%	;13	;Aumentar por333.3%	;Aumentar por225.0%	;6	;Disminuir por62.5%	;Disminuir por62.5%	;13	;Disminuir por59.4%	;Disminuir por38.1%	;
143	;(Miércoles)2026/04/22	;178	;Disminuir por76.9%	;Disminuir por38.4%	;234	;Disminuir por82.9%	;Disminuir por22.3%	;1	;Disminuir por50.0%	; --%	;13	;Aumentar por44.4%	;Aumentar por8.3%	;6	;Disminuir por68.4%	;Disminuir por14.3%	;20	;Disminuir por64.9%	;Aumentar por100.0%	;
144	;(Jueves)2026/04/23	;381	;Disminuir por50.3%	;Disminuir por4.0%	;460	;Disminuir por73.4%	;Aumentar por0.9%	;0	;Disminuir por100.0%	; --%	;18	;Aumentar por12.5%	;Aumentar por100.0%	;9	;Disminuir por47.1%	;Sin cambios	;13	;Disminuir por79.7%	;Disminuir por13.3%	;
145	;(Viernes)2026/04/24	;499	;Aumentar por22.3%	;Aumentar por28.6%	;586	;Disminuir por5.3%	;Aumentar por37.2%	;1	;Disminuir por50.0%	;Sin cambios	;13	;Disminuir por31.6%	;Disminuir por23.5%	;15	;Aumentar por87.5%	;Aumentar por150.0%	;18	;Disminuir por70.5%	;Disminuir por21.7%	;
146	;(Sábado)2026/04/25	;761	;Aumentar por44.4%	;Aumentar por115.6%	;846	;Aumentar por0.6%	;Aumentar por81.2%	;1	;Disminuir por50.0%	;Disminuir por66.7%	;8	;Disminuir por63.6%	;Disminuir por63.6%	;11	;Disminuir por31.3%	;Aumentar por57.1%	;18	;Disminuir por74.3%	;Disminuir por21.7%	;
147	;(Domingo)2026/04/26	;392	;Disminuir por25.2%	;Disminuir por40.8%	;577	;Disminuir por30.4%	;Disminuir por16.5%	;1	;Sin cambios	; --%	;4	;Disminuir por87.9%	;Disminuir por60.0%	;15	;Disminuir por31.8%	;Aumentar por15.4%	;41	;Disminuir por54.4%	;Aumentar por51.9%	;
148	;(Lunes)2026/04/27	;179	;Disminuir por77.2%	;Disminuir por64.9%	;178	;Disminuir por84.8%	;Disminuir por75.7%	;0	;Disminuir por100.0%	; --%	;9	;Disminuir por52.6%	;Aumentar por80.0%	;10	;Disminuir por47.4%	;Aumentar por233.3%	;27	;Disminuir por64.0%	;Aumentar por68.8%	;
149	;(Martes)2026/04/28	;163	;Disminuir por66.3%	;Aumentar por81.1%	;206	;Disminuir por72.7%	;Aumentar por90.7%	;1	;Sin cambios	;Disminuir por50.0%	;13	;Disminuir por13.3%	;Aumentar por85.7%	;10	;Disminuir por23.1%	;Aumentar por900.0%	;19	;Disminuir por77.4%	;Aumentar por111.1%	;
150	;(Miércoles)2026/04/29	;220	;Disminuir por24.7%	;Aumentar por107.5%	;342	;Disminuir por2.0%	;Aumentar por171.4%	;1	; --%	; --%	;22	;Aumentar por46.7%	;Aumentar por214.3%	;8	;Disminuir por46.7%	;Aumentar por300.0%	;18	;Disminuir por60.9%	;Aumentar por63.6%	;
151	;(Jueves)2026/04/30	;379	;Aumentar por51.0%	;Aumentar por33.5%	;401	;Aumentar por31.0%	;Aumentar por1.5%	;3	;Aumentar por200.0%	;Aumentar por200.0%	;24	;Disminuir por31.4%	;Disminuir por14.3%	;12	;Aumentar por100.0%	;Aumentar por50.0%	;21	;Disminuir por36.4%	;Disminuir por4.5%	;
152	;(Viernes)2026/05/01	;951	;Aumentar por165.6%	;Aumentar por1.3%	;1570	;Aumentar por270.3%	;Aumentar por27.3%	;1	;Disminuir por92.3%	; --%	;5	;Disminuir por78.3%	;Aumentar por66.7%	;14	;Disminuir por33.3%	;Aumentar por100.0%	;18	;Disminuir por51.4%	;Aumentar por12.5%	;
153	;(Sábado)2026/05/02	;865	;Aumentar por111.0%	;Disminuir por29.8%	;1368	;Aumentar por204.0%	;Disminuir por9.3%	;2	;Aumentar por100.0%	;Disminuir por33.3%	;10	;Aumentar por25.0%	;Disminuir por33.3%	;19	;Sin cambios	;Disminuir por38.7%	;17	;Disminuir por37.0%	;Disminuir por71.2%	;
154	;(Domingo)2026/05/03	;418	;Disminuir por22.2%	;Disminuir por53.5%	;663	;Aumentar por18.8%	;Disminuir por39.4%	;0	; --%	;Disminuir por100.0%	;6	;Disminuir por71.4%	;Disminuir por25.0%	;4	;Disminuir por83.3%	;Disminuir por55.6%	;17	;Disminuir por43.3%	;Sin cambios	;
155	;(Lunes)2026/05/04	;173	;Disminuir por72.5%	;Disminuir por54.6%	;159	;Disminuir por79.0%	;Disminuir por73.7%	;2	; --%	;Aumentar por100.0%	;18	;Aumentar por157.1%	;Aumentar por500.0%	;5	;Disminuir por64.3%	;Disminuir por28.6%	;6	;Disminuir por85.0%	;Disminuir por73.9%	;
156	;(Martes)2026/05/05	;124	;Disminuir por70.9%	;Disminuir por45.6%	;177	;Disminuir por64.0%	;Disminuir por3.8%	;2	; --%	;Sin cambios	;17	;Aumentar por325.0%	;Disminuir por10.5%	;4	;Disminuir por75.0%	;Disminuir por60.0%	;13	;Disminuir por48.0%	;Disminuir por23.5%	;
157	;(Miércoles)2026/05/06	;187	;Disminuir por25.5%	;Disminuir por1.1%	;206	;Disminuir por35.4%	;Disminuir por4.2%	;3	;Disminuir por75.0%	; --%	;20	;Disminuir por41.2%	;Aumentar por150.0%	;13	;Aumentar por30.0%	;Aumentar por160.0%	;21	;Sin cambios	;Sin cambios	;
158	;(Jueves)2026/05/07	;243	;Disminuir por18.2%	;Aumentar por15.7%	;227	;Disminuir por39.8%	;Sin cambios	;3	;Disminuir por70.0%	;Sin cambios	;27	;Aumentar por12.5%	;Aumentar por92.9%	;9	;Aumentar por125.0%	;Sin cambios	;12	;Disminuir por20.0%	;Disminuir por50.0%	;
159	;(Viernes)2026/05/08	;306	;Aumentar por20.0%	;Aumentar por112.5%	;289	;Disminuir por22.9%	;Aumentar por31.4%	;5	; --%	;Disminuir por73.7%	;16	;Aumentar por33.3%	;Disminuir por66.0%	;10	;Disminuir por28.6%	;Aumentar por42.9%	;17	;Disminuir por26.1%	;Disminuir por32.0%	;
160	;(Sábado)2026/05/09	;369	;Disminuir por4.7%	;Aumentar por16.0%	;450	;Aumentar por10.0%	;Aumentar por43.8%	;0	;Disminuir por100.0%	;Disminuir por100.0%	;10	;Disminuir por41.2%	;Disminuir por9.1%	;4	;Disminuir por63.6%	;Disminuir por50.0%	;6	;Disminuir por75.0%	;Disminuir por57.1%	;
161	;(Domingo)2026/05/10	;278	;Disminuir por28.2%	;Disminuir por19.0%	;433	;Disminuir por13.4%	;Aumentar por2.9%	;0	; --%	; --%	;3	;Disminuir por66.7%	;Disminuir por57.1%	;8	;Disminuir por50.0%	;Aumentar por14.3%	;12	;Disminuir por45.5%	;Disminuir por47.8%	;
162	;(Lunes)2026/05/11	;154	;Disminuir por74.3%	;Disminuir por50.3%	;189	;Disminuir por79.3%	;Disminuir por61.2%	;0	; --%	;Disminuir por100.0%	;13	;Aumentar por225.0%	;Aumentar por62.5%	;9	;Disminuir por35.7%	;Aumentar por28.6%	;15	;Disminuir por31.8%	;Disminuir por16.7%	;
163	;(Martes)2026/05/12	;173	;Disminuir por45.9%	;Aumentar por11.6%	;203	;Disminuir por57.9%	;Aumentar por3.0%	;0	; --%	;Disminuir por100.0%	;12	;Aumentar por71.4%	;Aumentar por200.0%	;8	;Disminuir por42.9%	;Disminuir por11.1%	;15	;Aumentar por15.4%	;Aumentar por7.1%	;
164	;(Miércoles)2026/05/13	;210	;Aumentar por101.9%	;Aumentar por11.1%	;207	;Aumentar por130.0%	;Aumentar por18.3%	;4	; --%	; --%	;13	;Sin cambios	; --%	;15	;Aumentar por650.0%	;Aumentar por200.0%	;18	;Aumentar por260.0%	;Sin cambios	;
165	;(Jueves)2026/05/14	;295	;Aumentar por30.0%	;Aumentar por13.5%	;330	;Aumentar por19.1%	;Aumentar por6.1%	;1	; --%	;Sin cambios	;9	;Disminuir por57.1%	;Aumentar por800.0%	;12	;Aumentar por20.0%	;Aumentar por33.3%	;19	;Disminuir por17.4%	;Aumentar por11.8%	;
166	;(Viernes)2026/05/15	;408	;Aumentar por75.9%	;Aumentar por103.0%	;570	;Aumentar por119.2%	;Aumentar por72.2%	;0	;Disminuir por100.0%	; --%	;8	;Disminuir por50.0%	;Aumentar por100.0%	;15	;Aumentar por150.0%	;Aumentar por87.5%	;16	;Disminuir por15.8%	;Disminuir por33.3%	;
167	;(Sábado)2026/05/16	;578	;Aumentar por234.1%	;Aumentar por39.3%	;766	;Aumentar por240.4%	;Aumentar por85.0%	;0	;Disminuir por100.0%	;Disminuir por100.0%	;7	;Disminuir por30.0%	;Disminuir por58.8%	;15	;Aumentar por66.7%	;Aumentar por150.0%	;19	;Aumentar por11.8%	;Disminuir por45.7%	;
168	;(Domingo)2026/05/17	;284	;Aumentar por61.4%	;Disminuir por47.0%	;454	;Aumentar por59.9%	;Disminuir por39.1%	;0	;Disminuir por100.0%	;Disminuir por100.0%	;2	;Disminuir por80.0%	;Disminuir por90.0%	;12	;Sin cambios	;Disminuir por7.7%	;14	;Disminuir por36.4%	;Disminuir por46.2%	;
169	;(Lunes)2026/05/18	;254	;Disminuir por25.1%	;Disminuir por40.4%	;200	;Disminuir por66.7%	;Disminuir por61.4%	;0	;Disminuir por100.0%	;Disminuir por100.0%	;9	;Disminuir por40.0%	;Aumentar por125.0%	;6	;Disminuir por45.5%	;Disminuir por50.0%	;13	;Aumentar por18.2%	;Disminuir por40.9%	;
170	;(Martes)2026/05/19	;178	;Disminuir por37.8%	;Disminuir por4.8%	;230	;Disminuir por40.4%	;Aumentar por11.1%	;0	;Disminuir por100.0%	;Disminuir por100.0%	;10	;Aumentar por400.0%	;Disminuir por23.1%	;10	;Aumentar por400.0%	;Aumentar por25.0%	;16	;Aumentar por23.1%	;Disminuir por36.0%	;
171	;(Miércoles)2026/05/20	;200	;Aumentar por7.5%	;Aumentar por55.0%	;203	;Disminuir por23.4%	;Disminuir por21.3%	;0	;Disminuir por100.0%	; --%	;20	;Disminuir por41.2%	;Aumentar por81.8%	;9	;Disminuir por18.2%	;Aumentar por28.6%	;20	;Disminuir por25.9%	;Sin cambios	;
172	;(Jueves)2026/05/21	;232	;Disminuir por6.8%	;Aumentar por47.8%	;288	;Aumentar por18.0%	;Aumentar por55.7%	;1	; --%	;Sin cambios	;18	;Aumentar por80.0%	;Aumentar por50.0%	;14	;Aumentar por75.0%	;Aumentar por55.6%	;24	;Aumentar por26.3%	;Aumentar por84.6%	;
173	;(Viernes)2026/05/22	;461	;Aumentar por188.1%	;Aumentar por101.3%	;480	;Aumentar por133.0%	;Aumentar por106.9%	;2	;Disminuir por50.0%	;Disminuir por77.8%	;14	;Disminuir por6.7%	;Disminuir por46.2%	;17	;Aumentar por142.9%	;Aumentar por41.7%	;16	;Disminuir por15.8%	;Disminuir por36.0%	;
174	;(Sábado)2026/05/23	;685	;Aumentar por156.6%	;Aumentar por59.7%	;759	;Aumentar por154.7%	;Aumentar por65.0%	;1	;Sin cambios	;Disminuir por50.0%	;3	;Disminuir por85.7%	;Disminuir por75.0%	;22	;Aumentar por633.3%	;Aumentar por46.7%	;24	;Aumentar por50.0%	;Sin cambios	;
175	;(Domingo)2026/05/24	;539	;Aumentar por76.7%	;Disminuir por21.0%	;719	;Aumentar por74.1%	;Disminuir por16.4%	;0	;Disminuir por100.0%	; --%	;1	;Disminuir por90.0%	;Disminuir por88.9%	;10	;Aumentar por400.0%	;Disminuir por52.4%	;22	;Aumentar por144.4%	;Aumentar por15.8%	;
176	;(Lunes)2026/05/25	;226	;Aumentar por38.7%	;Disminuir por49.0%	;278	;Aumentar por9.4%	;Disminuir por49.7%	;3	; --%	; --%	;24	;Aumentar por242.9%	;Aumentar por500.0%	;14	;Aumentar por600.0%	;Disminuir por22.2%	;22	;Aumentar por450.0%	;Aumentar por29.4%	;
177	;(Martes)2026/05/26	;231	;Aumentar por106.3%	;Aumentar por14.9%	;259	;Aumentar por2.8%	;Aumentar por4.4%	;1	;Sin cambios	;Disminuir por50.0%	;22	;Aumentar por214.3%	;Aumentar por83.3%	;13	; --%	;Aumentar por44.4%	;24	;Aumentar por2300.0%	;Aumentar por60.0%	;
178	;(Miércoles)2026/05/27	;234	;Aumentar por108.9%	;Disminuir por25.7%	;220	;Aumentar por84.9%	;Disminuir por11.6%	;1	; --%	;Sin cambios	;18	;Aumentar por157.1%	;Aumentar por100.0%	;17	; --%	;Sin cambios	;26	;Aumentar por271.4%	;Aumentar por36.8%	;
179	;(Jueves)2026/05/28	;295	;Aumentar por57.8%	;Aumentar por27.2%	;358	;Aumentar por32.6%	;Aumentar por56.3%	;2	; --%	;Aumentar por100.0%	;34	;Aumentar por580.0%	;Aumentar por36.0%	;21	;Aumentar por162.5%	;Aumentar por162.5%	;38	;Aumentar por171.4%	;Aumentar por65.2%	;
180	;(Viernes)2026/05/29	;542	;Aumentar por78.3%	;Aumentar por152.1%	;534	;Aumentar por107.0%	;Aumentar por108.6%	;1	;Disminuir por50.0%	;Disminuir por66.7%	;16	;Aumentar por100.0%	;Disminuir por42.9%	;19	;Aumentar por216.7%	;Aumentar por58.3%	;31	;Aumentar por210.0%	;Aumentar por106.7%	;
181	;(Sábado)2026/05/30	;604	;Aumentar por322.4%	;Aumentar por18.9%	;821	;Aumentar por361.2%	;Aumentar por49.5%	;0	; --%	;Disminuir por100.0%	;9	;Aumentar por12.5%	;Disminuir por60.9%	;12	;Aumentar por71.4%	;Disminuir por29.4%	;32	;Aumentar por18.5%	;Aumentar por6.7%	;
182	;(Domingo)2026/05/31	;368	;Aumentar por111.5%	;Disminuir por46.8%	;494	;Aumentar por115.7%	;Disminuir por38.9%	;0	;Disminuir por100.0%	; --%	;4	;Disminuir por63.6%	;Aumentar por33.3%	;15	;Aumentar por36.4%	;Disminuir por34.8%	;29	;Aumentar por3.6%	;Aumentar por11.5%	;
183	;(Lunes)2026/06/01	;182	;Disminuir por28.9%	;Disminuir por59.5%	;256	;Disminuir por41.8%	;Disminuir por54.9%	;2	; --%	;Aumentar por100.0%	;24	;Aumentar por1100.0%	;Aumentar por700.0%	;12	;Aumentar por100.0%	;Aumentar por20.0%	;18	;Aumentar por28.6%	;Disminuir por10.0%	;
184	;(Martes)2026/06/02	;213	;Aumentar por47.9%	;Disminuir por7.8%	;309	;Disminuir por4.9%	;Aumentar por8.0%	;3	; --%	;Disminuir por25.0%	;33	;Aumentar por1550.0%	;Aumentar por153.8%	;14	;Aumentar por366.7%	;Aumentar por40.0%	;25	;Aumentar por38.9%	;Disminuir por3.8%	;
185	;(Miércoles)2026/06/03	;361	;Aumentar por154.2%	;Aumentar por20.3%	;499	;Aumentar por193.5%	;Aumentar por77.6%	;2	; --%	;Disminuir por33.3%	;25	;Aumentar por400.0%	;Disminuir por3.8%	;19	;Aumentar por111.1%	;Aumentar por90.0%	;30	;Aumentar por30.4%	;Aumentar por30.4%	;
186	;(Jueves)2026/06/04	;286	;Aumentar por79.9%	;Disminuir por6.5%	;398	;Aumentar por84.3%	;Aumentar por30.1%	;1	; --%	;Disminuir por83.3%	;26	;Aumentar por100.0%	;Disminuir por3.7%	;26	;Aumentar por420.0%	;Aumentar por62.5%	;30	;Aumentar por15.4%	;Aumentar por36.4%	;
187	;(Viernes)2026/06/05	;385	;Aumentar por137.7%	;Aumentar por54.6%	;687	;Aumentar por231.9%	;Aumentar por126.0%	;1	;Sin cambios	;Disminuir por50.0%	;21	;Aumentar por110.0%	;Aumentar por5.0%	;3	;Disminuir por75.0%	;Disminuir por75.0%	;14	;Disminuir por51.7%	;Disminuir por51.7%	;
188	;(Sábado)2026/06/06	;615	;Aumentar por232.4%	;Aumentar por41.7%	;758	;Aumentar por175.6%	;Aumentar por34.9%	;2	;Sin cambios	;Sin cambios	;14	;Aumentar por55.6%	;Disminuir por44.0%	;9	;Sin cambios	;Disminuir por43.8%	;17	;Disminuir por15.0%	;Disminuir por29.2%	;
189	;(Domingo)2026/06/07	;539	;Aumentar por148.4%	;Disminuir por16.9%	;950	;Aumentar por283.1%	;Aumentar por10.1%	;1	; --%	; --%	;7	;Disminuir por46.2%	;Disminuir por53.3%	;8	;Aumentar por60.0%	;Disminuir por50.0%	;29	;Aumentar por45.0%	;Aumentar por3.6%	;
190	;(Lunes)2026/06/08	;214	;Disminuir por26.0%	;Disminuir por63.0%	;341	;Disminuir por22.1%	;Disminuir por59.5%	;1	; --%	;Sin cambios	;17	;Aumentar por54.5%	;Aumentar por466.7%	;12	;Aumentar por140.0%	;Disminuir por7.7%	;29	;Aumentar por45.0%	;Aumentar por31.8%	;
191	;(Martes)2026/06/09	;292	;Aumentar por41.7%	;Disminuir por24.7%	;484	;Aumentar por72.2%	;Aumentar por4.8%	;1	; --%	;Sin cambios	;17	;Aumentar por183.3%	;Aumentar por21.4%	;10	;Aumentar por150.0%	;Aumentar por25.0%	;25	;Aumentar por108.3%	;Aumentar por25.0%	;
192	;(Miércoles)2026/06/10	;360	;Aumentar por151.7%	;Disminuir por33.9%	;431	;Aumentar por122.2%	;Disminuir por37.5%	;2	;Disminuir por33.3%	;Aumentar por100.0%	;22	;Aumentar por120.0%	;Aumentar por120.0%	;26	;Aumentar por271.4%	;Aumentar por62.5%	;32	;Aumentar por52.4%	;Aumentar por14.3%	;
193	;(Jueves)2026/06/11	;320	;Aumentar por92.8%	;Disminuir por22.5%	;470	;Aumentar por152.7%	;Disminuir por13.9%	;0	; --%	;Disminuir por100.0%	;18	;Aumentar por80.0%	;Sin cambios	;31	;Aumentar por416.7%	;Aumentar por93.8%	;39	;Aumentar por129.4%	;Aumentar por56.0%	;
194	;(Viernes)2026/06/12	;452	;Aumentar por106.4%	;Aumentar por20.5%	;580	;Aumentar por126.6%	;Aumentar por53.8%	;2	;Sin cambios	;Aumentar por100.0%	;31	;Aumentar por138.5%	;Aumentar por63.2%	;25	;Aumentar por257.1%	;Aumentar por66.7%	;31	;Aumentar por82.4%	;Aumentar por10.7%	;
195	;(Sábado)2026/06/13	;668	;Aumentar por486.0%	;Aumentar por26.3%	;895	;Aumentar por645.8%	;Aumentar por40.7%	;0	; --%	;Disminuir por100.0%	;11	;Disminuir por26.7%	;Disminuir por63.3%	;15	;Aumentar por36.4%	;Aumentar por7.1%	;42	;Aumentar por200.0%	;Aumentar por121.1%	;
196	;(Domingo)2026/06/14	;378	;Aumentar por140.8%	;Disminuir por33.5%	;637	;Aumentar por230.1%	;Disminuir por24.8%	;0	;Disminuir por100.0%	; --%	;7	;Disminuir por73.1%	;Disminuir por22.2%	;13	;Aumentar por44.4%	;Disminuir por18.8%	;24	;Disminuir por7.7%	;Aumentar por26.3%	;
197	;(Lunes)2026/06/15	;306	;Aumentar por37.2%	;Disminuir por39.9%	;333	;Disminuir por32.2%	;Disminuir por50.8%	;1	;Sin cambios	; --%	;24	;Aumentar por500.0%	;Aumentar por140.0%	;20	;Aumentar por233.3%	;Aumentar por100.0%	;30	;Aumentar por114.3%	;Aumentar por20.0%	;
198	;(Martes)2026/06/16	;307	;Aumentar por51.2%	;Disminuir por17.9%	;420	;Aumentar por15.4%	;Disminuir por22.8%	;0	; --%	;Disminuir por100.0%	;27	;Aumentar por575.0%	;Aumentar por42.1%	;20	;Aumentar por400.0%	;Aumentar por5.3%	;25	;Aumentar por150.0%	;Aumentar por38.9%	;
199	;(Miércoles)2026/06/17	;353	;Aumentar por196.6%	;Disminuir por5.4%	;444	;Aumentar por241.5%	;Disminuir por18.1%	;2	;Sin cambios	; --%	;22	;Aumentar por69.2%	;Aumentar por120.0%	;34	;Aumentar por385.7%	;Aumentar por161.5%	;42	;Aumentar por68.0%	;Aumentar por40.0%	;
200	;(Jueves)2026/06/18	;339	;Aumentar por173.4%	;Disminuir por2.0%	;464	;Aumentar por199.4%	;Disminuir por5.5%	;1	; --%	;Disminuir por80.0%	;20	;Aumentar por81.8%	;Disminuir por33.3%	;17	;Aumentar por466.7%	;Disminuir por15.0%	;37	;Aumentar por131.3%	;Aumentar por32.1%	;
201	;(Viernes)2026/06/19	;441	;Aumentar por297.3%	;Disminuir por7.5%	;595	;Aumentar por404.2%	;Aumentar por12.9%	;4	;Aumentar por300.0%	;Aumentar por33.3%	;31	;Aumentar por106.7%	;Aumentar por29.2%	;22	;Aumentar por450.0%	;Aumentar por15.8%	;30	;Aumentar por87.5%	;Disminuir por9.1%	;
202	;(Sábado)2026/06/20	;696	;Aumentar por439.5%	;Aumentar por57.8%	;1073	;Aumentar por719.1%	;Aumentar por99.1%	;1	;Sin cambios	; --%	;9	;Disminuir por30.8%	;Disminuir por57.1%	;15	;Aumentar por200.0%	;Disminuir por25.0%	;28	;Aumentar por33.3%	;Sin cambios	;
203	;(Domingo)2026/06/21	;426	;Aumentar por195.8%	;Disminuir por51.7%	;739	;Aumentar por396.0%	;Disminuir por34.8%	;0	;Disminuir por100.0%	; --%	;9	;Disminuir por10.0%	;Disminuir por18.2%	;9	;Sin cambios	;Sin cambios	;30	;Aumentar por66.7%	;Aumentar por11.1%	;
204	;(Lunes)2026/06/22	;397	;Aumentar por105.7%	;Disminuir por41.7%	;558	;Aumentar por114.6%	;Disminuir por53.0%	;4	; --%	; --%	;27	;Aumentar por125.0%	;Aumentar por575.0%	;11	;Aumentar por175.0%	;Aumentar por57.1%	;26	;Aumentar por160.0%	;Disminuir por18.8%	;
205	;(Martes)2026/06/23	;442	;Aumentar por225.0%	;Disminuir por22.2%	;698	;Aumentar por171.6%	;Disminuir por5.4%	;2	; --%	;Aumentar por100.0%	;33	;Aumentar por725.0%	;Aumentar por50.0%	;19	;Aumentar por280.0%	;Aumentar por18.8%	;36	;Aumentar por125.0%	;Aumentar por33.3%	;
206	;(Miércoles)2026/06/24	;619	;Aumentar por462.7%	;Aumentar por12.1%	;960	;Aumentar por557.5%	;Aumentar por32.8%	;0	; --%	; --%	;11	;Aumentar por22.2%	;Disminuir por21.4%	;16	;Aumentar por77.8%	;Disminuir por11.1%	;27	;Aumentar por17.4%	;Aumentar por28.6%	;
207	;(Jueves)2026/06/25	;621	;Aumentar por605.7%	;Aumentar por32.1%	;786	;Aumentar por634.6%	;Aumentar por12.1%	;2	;Disminuir por60.0%	;Disminuir por50.0%	;31	;Aumentar por121.4%	;Aumentar por82.4%	;26	;Aumentar por420.0%	;Aumentar por13.0%	;42	;Aumentar por200.0%	;Aumentar por31.3%	;
208	;(Viernes)2026/06/26	;619	;Aumentar por489.5%	;Aumentar por13.0%	;858	;Aumentar por560.0%	;Aumentar por14.4%	;3	;Disminuir por25.0%	;Aumentar por50.0%	;31	;Aumentar por210.0%	;Aumentar por14.8%	;31	;Aumentar por244.4%	;Aumentar por34.8%	;36	;Aumentar por80.0%	;Disminuir por10.0%	;
209	;(Sábado)2026/06/27	;897	;Aumentar por559.6%	;Aumentar por64.3%	;1241	;Aumentar por700.6%	;Aumentar por48.8%	;0	;Disminuir por100.0%	;Disminuir por100.0%	;12	;Sin cambios	;Disminuir por42.9%	;12	;Aumentar por50.0%	;Disminuir por33.3%	;35	;Aumentar por52.2%	;Aumentar por9.4%	;
210	;(Domingo)2026/06/28	;561	;Aumentar por444.7%	;Disminuir por26.2%	;848	;Aumentar por542.4%	;Disminuir por22.6%	;0	;Disminuir por100.0%	; --%	;6	;Disminuir por14.3%	;Disminuir por53.8%	;9	;Aumentar por12.5%	;Disminuir por30.8%	;35	;Aumentar por133.3%	;Aumentar por16.7%	;
211	;(Lunes)2026/06/29	;462	;Aumentar por132.2%	;Aumentar por9.0%	;778	;Aumentar por247.3%	;Disminuir por7.4%	;4	; --%	;Aumentar por300.0%	;19	;Aumentar por137.5%	;Aumentar por111.1%	;19	;Aumentar por171.4%	;Aumentar por111.1%	;38	;Aumentar por216.7%	;Aumentar por15.2%	;
212	;(Martes)2026/06/30	;469	;Aumentar por193.1%	;Aumentar por35.2%	;572	;Aumentar por154.2%	;Aumentar por18.7%	;4	;Aumentar por300.0%	;Aumentar por100.0%	;33	;Aumentar por560.0%	;Aumentar por83.3%	;26	;Aumentar por766.7%	;Aumentar por30.0%	;54	;Aumentar por575.0%	;Aumentar por68.8%	;

Exportar contenido:Subtipos de vehículos a motor	;
Hora del informe: 2025/12/01 00:00:00 - 2026/07/14 23:59:59	;

N.º	;Hora	;Autobuses	; 	; 	; 	; 	; 	;Monovolúmenes	; 	; 	; 	; 	; 	;Sedanes pequeños	; 	; 	; 	; 	; 	;Camiones	;
	;	;Avanzar	; 	; 	;Retroceso	; 	; 	;Avanzar	; 	; 	;Retroceso	; 	; 	;Avanzar	; 	; 	;Retroceso	; 	; 	;Avanzar	; 	; 	;Retroceso	;
	;	;Valor	;Tasa de cambio (ciclo tras ciclo)	;Tasa de cambio (año tras año)	;Valor	;Tasa de cambio (ciclo tras ciclo)	;Tasa de cambio (año tras año)	;Valor	;Tasa de cambio (ciclo tras ciclo)	;Tasa de cambio (año tras año)	;Valor	;Tasa de cambio (ciclo tras ciclo)	;Tasa de cambio (año tras año)	;Valor	;Tasa de cambio (ciclo tras ciclo)	;Tasa de cambio (año tras año)	;Valor	;Tasa de cambio (ciclo tras ciclo)	;Tasa de cambio (año tras año)	;Valor	;Tasa de cambio (ciclo tras ciclo)	;Tasa de cambio (año tras año)	;Valor	;Tasa de cambio (ciclo tras ciclo)	;Tasa de cambio (año tras año)	;
1	;(Lunes)2025/12/01	;0	; --%	; --%	;0	; --%	; --%	;0	; --%	; --%	;1	; --%	; --%	;0	; --%	; --%	;4	; --%	; --%	;0	; --%	; --%	;1	; --%	; --%	;
2	;(Martes)2025/12/02	;0	; --%	; --%	;0	; --%	; --%	;0	; --%	; --%	;2	; --%	; --%	;0	; --%	; --%	;10	; --%	; --%	;2	; --%	; --%	;4	; --%	; --%	;
3	;(Miércoles)2025/12/03	;0	; --%	; --%	;0	; --%	; --%	;0	; --%	; --%	;1	; --%	; --%	;0	; --%	; --%	;11	; --%	; --%	;1	; --%	; --%	;3	; --%	; --%	;
4	;(Jueves)2025/12/04	;0	; --%	; --%	;0	; --%	; --%	;0	; --%	; --%	;0	; --%	; --%	;0	; --%	; --%	;19	; --%	; --%	;1	; --%	; --%	;4	; --%	; --%	;
5	;(Viernes)2025/12/05	;0	; --%	; --%	;0	; --%	; --%	;1	; --%	; --%	;3	; --%	; --%	;1	; --%	; --%	;13	; --%	; --%	;1	; --%	; --%	;2	; --%	; --%	;
6	;(Sábado)2025/12/06	;0	; --%	; --%	;0	; --%	; --%	;0	; --%	; --%	;0	;Disminuir por100.0%	; --%	;0	; --%	; --%	;8	;Disminuir por33.3%	; --%	;1	;Sin cambios	; --%	;2	;Disminuir por50.0%	; --%	;
7	;(Domingo)2025/12/07	;0	; --%	; --%	;0	; --%	; --%	;0	; --%	; --%	;0	;Disminuir por100.0%	; --%	;0	;Disminuir por100.0%	; --%	;5	;Disminuir por61.5%	; --%	;0	;Disminuir por100.0%	; --%	;2	;Disminuir por33.3%	; --%	;
8	;(Lunes)2025/12/08	;0	; --%	; --%	;0	; --%	; --%	;0	; --%	; --%	;0	;Disminuir por100.0%	; --%	;0	; --%	; --%	;2	;Disminuir por75.0%	; --%	;0	; --%	; --%	;1	;Sin cambios	; --%	;
9	;(Martes)2025/12/09	;0	; --%	; --%	;0	; --%	; --%	;0	; --%	; --%	;2	; --%	; --%	;0	; --%	; --%	;12	;Aumentar por200.0%	; --%	;0	; --%	; --%	;1	;Sin cambios	; --%	;
10	;(Miércoles)2025/12/10	;0	; --%	; --%	;0	; --%	; --%	;1	; --%	; --%	;3	; --%	; --%	;0	;Disminuir por100.0%	; --%	;10	;Aumentar por100.0%	; --%	;0	;Disminuir por100.0%	; --%	;1	;Disminuir por50.0%	; --%	;
11	;(Jueves)2025/12/11	;0	; --%	; --%	;0	; --%	; --%	;1	; --%	; --%	;4	;Aumentar por300.0%	; --%	;0	; --%	; --%	;8	;Aumentar por33.3%	; --%	;0	; --%	; --%	;2	; --%	; --%	;
12	;(Viernes)2025/12/12	;0	; --%	; --%	;0	; --%	; --%	;0	; --%	; --%	;1	;Disminuir por85.7%	; --%	;0	; --%	; --%	;11	;Disminuir por38.9%	; --%	;2	;Aumentar por100.0%	; --%	;4	;Aumentar por33.3%	; --%	;
13	;(Sábado)2025/12/13	;0	; --%	; --%	;0	; --%	; --%	;0	; --%	; --%	;2	;Aumentar por100.0%	; --%	;1	; --%	; --%	;6	;Aumentar por500.0%	; --%	;0	; --%	; --%	;0	;Disminuir por100.0%	; --%	;
14	;(Domingo)2025/12/14	;0	; --%	; --%	;0	; --%	; --%	;0	;Disminuir por100.0%	; --%	;0	;Disminuir por100.0%	; --%	;0	; --%	; --%	;10	;Aumentar por25.0%	; --%	;1	;Disminuir por50.0%	; --%	;2	;Disminuir por50.0%	; --%	;
15	;(Lunes)2025/12/15	;0	; --%	; --%	;0	; --%	; --%	;3	; --%	; --%	;4	;Aumentar por100.0%	; --%	;0	; --%	; --%	;13	;Aumentar por333.3%	; --%	;0	;Disminuir por100.0%	; --%	;0	;Disminuir por100.0%	; --%	;
16	;(Martes)2025/12/16	;0	; --%	; --%	;0	; --%	; --%	;0	; --%	; --%	;0	;Disminuir por100.0%	; --%	;0	; --%	; --%	;10	;Aumentar por900.0%	; --%	;2	;Aumentar por100.0%	; --%	;3	;Aumentar por200.0%	; --%	;
17	;(Miércoles)2025/12/17	;0	; --%	; --%	;0	; --%	; --%	;0	;Disminuir por100.0%	; --%	;1	;Disminuir por50.0%	; --%	;0	;Disminuir por100.0%	; --%	;15	;Sin cambios	; --%	;3	; --%	; --%	;3	;Aumentar por50.0%	; --%	;
18	;(Jueves)2025/12/18	;0	; --%	; --%	;0	; --%	; --%	;0	; --%	; --%	;0	; --%	; --%	;0	; --%	; --%	;15	;Aumentar por114.3%	; --%	;0	; --%	; --%	;1	;Sin cambios	; --%	;
19	;(Viernes)2025/12/19	;0	; --%	; --%	;0	; --%	; --%	;1	;Sin cambios	; --%	;2	;Disminuir por50.0%	; --%	;0	;Disminuir por100.0%	; --%	;27	;Aumentar por237.5%	; --%	;1	;Sin cambios	; --%	;2	;Sin cambios	; --%	;
20	;(Sábado)2025/12/20	;0	; --%	; --%	;0	; --%	; --%	;0	; --%	; --%	;0	;Disminuir por100.0%	; --%	;0	;Disminuir por100.0%	; --%	;19	;Disminuir por47.2%	; --%	;1	;Sin cambios	; --%	;2	;Disminuir por60.0%	; --%	;
21	;(Domingo)2025/12/21	;0	; --%	; --%	;0	; --%	; --%	;0	; --%	; --%	;1	;Sin cambios	; --%	;0	; --%	; --%	;8	;Sin cambios	; --%	;0	;Disminuir por100.0%	; --%	;0	;Disminuir por100.0%	; --%	;
22	;(Lunes)2025/12/22	;0	; --%	; --%	;0	; --%	; --%	;0	; --%	; --%	;1	;Sin cambios	; --%	;0	; --%	; --%	;16	;Aumentar por166.7%	; --%	;1	; --%	; --%	;2	; --%	; --%	;
23	;(Martes)2025/12/23	;0	; --%	; --%	;0	; --%	; --%	;3	;Aumentar por200.0%	; --%	;4	;Aumentar por100.0%	; --%	;0	; --%	; --%	;12	;Aumentar por100.0%	; --%	;2	; --%	; --%	;5	; --%	; --%	;
24	;(Miércoles)2025/12/24	;0	; --%	; --%	;0	; --%	; --%	;0	; --%	; --%	;1	;Sin cambios	; --%	;0	;Disminuir por100.0%	; --%	;6	;Aumentar por100.0%	; --%	;3	; --%	; --%	;5	; --%	; --%	;
25	;(Jueves)2025/12/25	;0	; --%	; --%	;0	; --%	; --%	;0	; --%	; --%	;0	; --%	; --%	;0	; --%	; --%	;8	; --%	; --%	;0	; --%	; --%	;1	; --%	; --%	;
26	;(Viernes)2025/12/26	;0	; --%	; --%	;0	; --%	; --%	;0	; --%	; --%	;1	; --%	; --%	;0	;Disminuir por100.0%	; --%	;5	;Aumentar por400.0%	; --%	;0	; --%	; --%	;1	; --%	; --%	;
27	;(Sábado)2025/12/27	;0	; --%	; --%	;0	; --%	; --%	;0	; --%	; --%	;0	;Disminuir por100.0%	; --%	;0	; --%	; --%	;5	;Aumentar por66.7%	; --%	;1	; --%	; --%	;2	; --%	; --%	;
28	;(Domingo)2025/12/28	;0	; --%	; --%	;0	; --%	; --%	;0	;Disminuir por100.0%	; --%	;2	;Disminuir por50.0%	; --%	;0	;Disminuir por100.0%	; --%	;49	;Aumentar por308.3%	; --%	;2	; --%	; --%	;3	;Aumentar por200.0%	; --%	;
29	;(Lunes)2025/12/29	;0	; --%	; --%	;0	; --%	; --%	;0	;Disminuir por100.0%	; --%	;6	;Disminuir por66.7%	; --%	;0	; --%	; --%	;72	;Aumentar por3500.0%	; --%	;2	; --%	; --%	;3	; --%	; --%	;
30	;(Martes)2025/12/30	;0	; --%	; --%	;0	; --%	; --%	;0	; --%	; --%	;3	; --%	; --%	;0	; --%	; --%	;55	;Aumentar por2650.0%	; --%	;0	;Disminuir por100.0%	; --%	;4	;Aumentar por100.0%	; --%	;
31	;(Miércoles)2025/12/31	;0	; --%	; --%	;0	; --%	; --%	;0	; --%	; --%	;5	;Aumentar por400.0%	; --%	;0	;Disminuir por100.0%	; --%	;59	;Aumentar por391.7%	; --%	;6	; --%	; --%	;12	; --%	; --%	;
32	;(Jueves)2026/01/01	;0	; --%	; --%	;0	; --%	; --%	;0	; --%	; --%	;1	;Sin cambios	; --%	;0	; --%	; --%	;36	;Aumentar por300.0%	; --%	;0	; --%	; --%	;1	;Sin cambios	; --%	;
33	;(Viernes)2026/01/02	;0	; --%	; --%	;0	; --%	; --%	;0	; --%	; --%	;0	;Disminuir por100.0%	; --%	;0	; --%	; --%	;11	;Aumentar por37.5%	; --%	;0	;Disminuir por100.0%	; --%	;1	;Disminuir por50.0%	; --%	;
34	;(Sábado)2026/01/03	;0	; --%	; --%	;0	; --%	; --%	;0	; --%	; --%	;4	;Disminuir por20.0%	; --%	;0	; --%	; --%	;7	;Disminuir por30.0%	; --%	;0	;Disminuir por100.0%	; --%	;0	;Disminuir por100.0%	; --%	;
35	;(Domingo)2026/01/04	;0	; --%	; --%	;0	; --%	; --%	;0	;Disminuir por100.0%	; --%	;0	;Disminuir por100.0%	; --%	;0	; --%	; --%	;3	;Disminuir por57.1%	; --%	;0	; --%	; --%	;1	; --%	; --%	;
36	;(Lunes)2026/01/05	;0	; --%	; --%	;0	; --%	; --%	;0	; --%	; --%	;0	;Disminuir por100.0%	; --%	;0	; --%	; --%	;5	;Disminuir por28.6%	; --%	;1	; --%	; --%	;3	;Aumentar por200.0%	; --%	;
37	;(Martes)2026/01/06	;0	; --%	; --%	;0	; --%	; --%	;0	; --%	; --%	;0	;Disminuir por100.0%	; --%	;0	; --%	; --%	;7	;Aumentar por250.0%	; --%	;0	; --%	; --%	;1	;Sin cambios	; --%	;
38	;(Miércoles)2026/01/07	;0	; --%	; --%	;0	; --%	; --%	;0	; --%	; --%	;0	; --%	; --%	;0	;Disminuir por100.0%	; --%	;7	;Disminuir por22.2%	; --%	;0	;Disminuir por100.0%	; --%	;1	;Disminuir por66.7%	; --%	;
39	;(Jueves)2026/01/08	;0	; --%	; --%	;0	; --%	; --%	;0	;Disminuir por100.0%	; --%	;1	;Disminuir por75.0%	; --%	;0	; --%	; --%	;4	;Disminuir por20.0%	; --%	;0	; --%	; --%	;2	; --%	; --%	;
40	;(Viernes)2026/01/09	;0	; --%	; --%	;0	; --%	; --%	;0	; --%	; --%	;1	;Sin cambios	; --%	;3	; --%	; --%	;9	;Disminuir por52.6%	; --%	;0	;Disminuir por100.0%	; --%	;0	;Disminuir por100.0%	; --%	;
41	;(Sábado)2026/01/10	;0	; --%	; --%	;0	; --%	; --%	;0	;Disminuir por100.0%	; --%	;0	;Disminuir por100.0%	; --%	;0	; --%	; --%	;10	;Disminuir por50.0%	; --%	;1	;Sin cambios	; --%	;2	;Disminuir por50.0%	; --%	;
42	;(Domingo)2026/01/11	;0	; --%	; --%	;0	; --%	; --%	;0	; --%	; --%	;0	;Disminuir por100.0%	; --%	;0	;Disminuir por100.0%	; --%	;2	;Disminuir por83.3%	; --%	;0	;Disminuir por100.0%	; --%	;1	;Disminuir por66.7%	; --%	;
43	;(Lunes)2026/01/12	;0	; --%	; --%	;0	; --%	; --%	;0	; --%	; --%	;4	; --%	; --%	;0	; --%	; --%	;10	;Aumentar por400.0%	; --%	;1	; --%	; --%	;3	;Aumentar por200.0%	; --%	;
44	;(Martes)2026/01/13	;0	; --%	; --%	;0	; --%	; --%	;0	;Disminuir por100.0%	; --%	;1	;Disminuir por50.0%	; --%	;0	; --%	; --%	;13	;Aumentar por1200.0%	; --%	;2	; --%	; --%	;4	; --%	; --%	;
45	;(Miércoles)2026/01/14	;0	; --%	; --%	;0	; --%	; --%	;0	;Disminuir por100.0%	; --%	;2	;Disminuir por50.0%	; --%	;2	;Aumentar por100.0%	; --%	;16	;Aumentar por128.6%	; --%	;2	;Aumentar por100.0%	; --%	;3	;Aumentar por50.0%	; --%	;
46	;(Jueves)2026/01/15	;0	; --%	; --%	;0	; --%	; --%	;0	;Disminuir por100.0%	; --%	;0	;Disminuir por100.0%	; --%	;0	; --%	; --%	;11	;Disminuir por35.3%	; --%	;0	; --%	; --%	;3	;Aumentar por200.0%	; --%	;
47	;(Viernes)2026/01/16	;0	; --%	; --%	;0	; --%	; --%	;1	;Disminuir por75.0%	; --%	;4	;Disminuir por55.6%	; --%	;0	;Disminuir por100.0%	; --%	;17	;Aumentar por13.3%	; --%	;0	;Disminuir por100.0%	; --%	;0	;Disminuir por100.0%	; --%	;
48	;(Sábado)2026/01/17	;0	; --%	; --%	;0	; --%	; --%	;0	; --%	; --%	;0	;Disminuir por100.0%	; --%	;0	; --%	; --%	;11	;Disminuir por26.7%	; --%	;2	;Sin cambios	; --%	;3	;Sin cambios	; --%	;
49	;(Domingo)2026/01/18	;0	; --%	; --%	;0	; --%	; --%	;0	;Disminuir por100.0%	; --%	;1	;Disminuir por85.7%	; --%	;0	;Disminuir por100.0%	; --%	;1	;Disminuir por94.1%	; --%	;0	; --%	; --%	;0	;Disminuir por100.0%	; --%	;
50	;(Lunes)2026/01/19	;0	; --%	; --%	;0	; --%	; --%	;0	; --%	; --%	;1	;Disminuir por66.7%	; --%	;1	; --%	; --%	;13	;Aumentar por18.2%	; --%	;0	; --%	; --%	;1	;Sin cambios	; --%	;
51	;(Martes)2026/01/20	;0	; --%	; --%	;0	; --%	; --%	;1	; --%	; --%	;4	;Aumentar por300.0%	; --%	;0	; --%	; --%	;8	; --%	; --%	;0	;Disminuir por100.0%	; --%	;1	;Disminuir por50.0%	; --%	;
52	;(Miércoles)2026/01/21	;0	; --%	; --%	;0	; --%	; --%	;1	; --%	; --%	;2	;Disminuir por50.0%	; --%	;0	;Disminuir por100.0%	; --%	;21	;Aumentar por110.0%	; --%	;0	; --%	; --%	;0	; --%	; --%	;
53	;(Jueves)2026/01/22	;0	; --%	; --%	;0	; --%	; --%	;0	; --%	; --%	;0	;Disminuir por100.0%	; --%	;0	;Disminuir por100.0%	; --%	;8	;Aumentar por14.3%	; --%	;1	; --%	; --%	;1	;Sin cambios	; --%	;
54	;(Viernes)2026/01/23	;0	; --%	; --%	;0	; --%	; --%	;4	; --%	; --%	;4	;Aumentar por300.0%	; --%	;0	; --%	; --%	;15	;Aumentar por50.0%	; --%	;8	;Aumentar por100.0%	; --%	;8	;Aumentar por14.3%	; --%	;
55	;(Sábado)2026/01/24	;0	;Disminuir por100.0%	; --%	;0	;Disminuir por100.0%	; --%	;2	; --%	; --%	;4	;Aumentar por33.3%	; --%	;0	; --%	; --%	;9	;Disminuir por25.0%	; --%	;0	; --%	; --%	;0	;Disminuir por100.0%	; --%	;
56	;(Domingo)2026/01/25	;0	; --%	; --%	;0	; --%	; --%	;0	; --%	; --%	;1	;Disminuir por80.0%	; --%	;0	;Disminuir por100.0%	; --%	;6	;Disminuir por70.0%	; --%	;0	;Disminuir por100.0%	; --%	;0	;Disminuir por100.0%	; --%	;
57	;(Lunes)2026/01/26	;0	; --%	; --%	;0	; --%	; --%	;0	; --%	; --%	;0	; --%	; --%	;0	; --%	; --%	;6	;Disminuir por25.0%	; --%	;0	; --%	; --%	;2	;Aumentar por100.0%	; --%	;
58	;(Martes)2026/01/27	;0	; --%	; --%	;0	; --%	; --%	;2	; --%	; --%	;4	; --%	; --%	;0	; --%	; --%	;15	;Aumentar por87.5%	; --%	;1	; --%	; --%	;1	;Disminuir por50.0%	; --%	;
59	;(Miércoles)2026/01/28	;0	; --%	; --%	;0	; --%	; --%	;1	; --%	; --%	;3	;Aumentar por50.0%	; --%	;0	; --%	; --%	;20	;Aumentar por53.8%	; --%	;0	;Disminuir por100.0%	; --%	;0	;Disminuir por100.0%	; --%	;
60	;(Jueves)2026/01/29	;0	; --%	; --%	;0	; --%	; --%	;0	; --%	; --%	;1	;Disminuir por66.7%	; --%	;0	; --%	; --%	;8	;Aumentar por33.3%	; --%	;1	; --%	; --%	;3	;Aumentar por200.0%	; --%	;
61	;(Viernes)2026/01/30	;0	; --%	; --%	;0	; --%	; --%	;0	;Disminuir por100.0%	; --%	;2	;Disminuir por60.0%	; --%	;0	; --%	; --%	;8	;Disminuir por52.9%	; --%	;0	;Disminuir por100.0%	; --%	;1	;Disminuir por87.5%	; --%	;
62	;(Sábado)2026/01/31	;0	;Disminuir por100.0%	; --%	;0	;Disminuir por100.0%	; --%	;0	;Disminuir por100.0%	; --%	;0	;Disminuir por100.0%	; --%	;0	; --%	; --%	;2	;Disminuir por84.6%	; --%	;1	;Sin cambios	; --%	;2	;Disminuir por33.3%	; --%	;
63	;(Domingo)2026/02/01	;0	; --%	; --%	;0	; --%	; --%	;0	; --%	; --%	;3	;Disminuir por50.0%	; --%	;0	; --%	; --%	;3	;Disminuir por76.9%	; --%	;0	; --%	; --%	;0	;Disminuir por100.0%	; --%	;
64	;(Lunes)2026/02/02	;0	; --%	; --%	;0	; --%	; --%	;0	; --%	; --%	;1	;Disminuir por50.0%	; --%	;0	; --%	; --%	;8	;Sin cambios	; --%	;0	; --%	; --%	;0	;Disminuir por100.0%	; --%	;
65	;(Martes)2026/02/03	;0	; --%	; --%	;0	; --%	; --%	;0	; --%	; --%	;0	;Disminuir por100.0%	; --%	;0	; --%	; --%	;18	;Aumentar por800.0%	; --%	;0	; --%	; --%	;1	;Sin cambios	; --%	;
66	;(Miércoles)2026/02/04	;0	; --%	; --%	;0	; --%	; --%	;0	; --%	; --%	;2	;Sin cambios	; --%	;0	; --%	; --%	;10	;Disminuir por41.2%	; --%	;0	;Disminuir por100.0%	; --%	;0	;Disminuir por100.0%	; --%	;
67	;(Jueves)2026/02/05	;0	; --%	; --%	;0	; --%	; --%	;0	; --%	; --%	;0	;Disminuir por100.0%	; --%	;0	; --%	; --%	;8	;Disminuir por20.0%	; --%	;2	; --%	; --%	;4	;Aumentar por100.0%	; --%	;
68	;(Viernes)2026/02/06	;0	; --%	; --%	;0	; --%	; --%	;0	;Disminuir por100.0%	; --%	;0	;Disminuir por100.0%	; --%	;0	;Disminuir por100.0%	; --%	;12	;Aumentar por20.0%	; --%	;0	;Disminuir por100.0%	; --%	;1	;Disminuir por66.7%	; --%	;
69	;(Sábado)2026/02/07	;0	; --%	; --%	;0	; --%	; --%	;0	; --%	; --%	;0	;Disminuir por100.0%	; --%	;0	; --%	; --%	;6	;Disminuir por66.7%	; --%	;0	;Disminuir por100.0%	; --%	;1	;Disminuir por83.3%	; --%	;
70	;(Domingo)2026/02/08	;0	; --%	; --%	;0	; --%	; --%	;0	;Disminuir por100.0%	; --%	;1	;Disminuir por75.0%	; --%	;0	;Disminuir por100.0%	; --%	;3	;Disminuir por66.7%	; --%	;0	;Disminuir por100.0%	; --%	;0	;Disminuir por100.0%	; --%	;
71	;(Lunes)2026/02/09	;0	; --%	; --%	;0	; --%	; --%	;0	; --%	; --%	;1	;Disminuir por50.0%	; --%	;0	; --%	; --%	;11	;Aumentar por22.2%	; --%	;0	; --%	; --%	;0	;Disminuir por100.0%	; --%	;
72	;(Martes)2026/02/10	;0	; --%	; --%	;0	; --%	; --%	;0	; --%	; --%	;1	; --%	; --%	;0	; --%	; --%	;6	;Aumentar por50.0%	; --%	;0	;Disminuir por100.0%	; --%	;2	;Disminuir por60.0%	; --%	;
73	;(Miércoles)2026/02/11	;0	; --%	; --%	;0	; --%	; --%	;1	;Disminuir por50.0%	; --%	;3	;Disminuir por40.0%	; --%	;0	; --%	; --%	;10	;Disminuir por9.1%	; --%	;0	; --%	; --%	;0	;Disminuir por100.0%	; --%	;
74	;(Jueves)2026/02/12	;0	; --%	; --%	;0	; --%	; --%	;0	;Disminuir por100.0%	; --%	;1	;Disminuir por85.7%	; --%	;0	; --%	; --%	;8	;Disminuir por27.3%	; --%	;0	; --%	; --%	;0	;Disminuir por100.0%	; --%	;
75	;(Viernes)2026/02/13	;0	; --%	; --%	;0	; --%	; --%	;0	;Disminuir por100.0%	; --%	;2	;Disminuir por60.0%	; --%	;0	; --%	; --%	;17	;Aumentar por30.8%	; --%	;1	;Sin cambios	; --%	;3	;Disminuir por40.0%	; --%	;
76	;(Sábado)2026/02/14	;0	; --%	; --%	;0	; --%	; --%	;0	;Disminuir por100.0%	; --%	;0	;Disminuir por100.0%	; --%	;0	; --%	; --%	;3	;Disminuir por70.0%	; --%	;0	;Disminuir por100.0%	; --%	;0	;Disminuir por100.0%	; --%	;
77	;(Domingo)2026/02/15	;0	; --%	; --%	;0	; --%	; --%	;0	; --%	; --%	;0	;Disminuir por100.0%	; --%	;0	; --%	; --%	;5	;Disminuir por66.7%	; --%	;0	;Disminuir por100.0%	; --%	;1	;Disminuir por75.0%	; --%	;
78	;(Lunes)2026/02/16	;0	; --%	; --%	;0	; --%	; --%	;0	; --%	; --%	;2	; --%	; --%	;0	; --%	; --%	;9	;Aumentar por28.6%	; --%	;1	;Sin cambios	; --%	;2	;Sin cambios	; --%	;
79	;(Martes)2026/02/17	;0	; --%	; --%	;0	; --%	; --%	;1	;Sin cambios	; --%	;2	;Disminuir por33.3%	; --%	;0	; --%	; --%	;9	;Aumentar por125.0%	; --%	;0	;Disminuir por100.0%	; --%	;0	;Disminuir por100.0%	; --%	;
80	;(Miércoles)2026/02/18	;0	; --%	; --%	;0	; --%	; --%	;0	;Disminuir por100.0%	; --%	;0	;Disminuir por100.0%	; --%	;0	; --%	; --%	;8	;Disminuir por61.9%	; --%	;3	; --%	; --%	;4	;Aumentar por33.3%	; --%	;
81	;(Jueves)2026/02/19	;0	; --%	; --%	;0	; --%	; --%	;1	; --%	; --%	;2	;Disminuir por33.3%	; --%	;0	; --%	; --%	;15	;Aumentar por36.4%	; --%	;0	;Disminuir por100.0%	; --%	;1	;Disminuir por75.0%	; --%	;
82	;(Viernes)2026/02/20	;0	; --%	; --%	;0	; --%	; --%	;1	; --%	; --%	;0	;Disminuir por100.0%	; --%	;0	;Disminuir por100.0%	; --%	;5	;Disminuir por37.5%	; --%	;0	;Disminuir por100.0%	; --%	;1	;Disminuir por80.0%	; --%	;
83	;(Sábado)2026/02/21	;0	; --%	; --%	;0	; --%	; --%	;0	;Disminuir por100.0%	; --%	;0	;Disminuir por100.0%	; --%	;0	; --%	; --%	;6	;Disminuir por57.1%	; --%	;0	;Disminuir por100.0%	; --%	;1	;Disminuir por80.0%	; --%	;
84	;(Domingo)2026/02/22	;0	; --%	; --%	;0	; --%	; --%	;1	; --%	; --%	;2	;Disminuir por33.3%	; --%	;0	;Disminuir por100.0%	; --%	;7	;Disminuir por41.7%	; --%	;0	; --%	; --%	;0	;Disminuir por100.0%	; --%	;
85	;(Lunes)2026/02/23	;0	; --%	; --%	;0	; --%	; --%	;0	; --%	; --%	;4	;Aumentar por300.0%	; --%	;0	;Disminuir por100.0%	; --%	;14	;Aumentar por55.6%	; --%	;0	; --%	; --%	;1	; --%	; --%	;
86	;(Martes)2026/02/24	;0	; --%	; --%	;0	; --%	; --%	;0	; --%	; --%	;3	; --%	; --%	;1	; --%	; --%	;8	;Aumentar por300.0%	; --%	;0	; --%	; --%	;2	;Aumentar por100.0%	; --%	;
87	;(Miércoles)2026/02/25	;0	; --%	; --%	;0	; --%	; --%	;0	; --%	; --%	;0	;Disminuir por100.0%	; --%	;0	; --%	; --%	;11	;Disminuir por45.0%	; --%	;7	; --%	; --%	;8	;Aumentar por166.7%	; --%	;
88	;(Jueves)2026/02/26	;0	; --%	; --%	;0	;Disminuir por100.0%	; --%	;0	; --%	; --%	;0	;Disminuir por100.0%	; --%	;6	;Aumentar por500.0%	; --%	;12	;Disminuir por25.0%	; --%	;0	;Disminuir por100.0%	; --%	;1	;Disminuir por80.0%	; --%	;
89	;(Viernes)2026/02/27	;0	; --%	; --%	;0	; --%	; --%	;0	; --%	; --%	;1	;Disminuir por66.7%	; --%	;1	; --%	; --%	;18	;Aumentar por28.6%	; --%	;1	;Sin cambios	; --%	;2	;Disminuir por33.3%	; --%	;
90	;(Sábado)2026/02/28	;0	; --%	; --%	;0	;Disminuir por100.0%	; --%	;0	;Disminuir por100.0%	; --%	;0	;Disminuir por100.0%	; --%	;0	; --%	; --%	;9	;Disminuir por50.0%	; --%	;0	; --%	; --%	;1	;Disminuir por66.7%	; --%	;
91	;(Domingo)2026/03/01	;0	; --%	; --%	;0	; --%	; --%	;0	; --%	; --%	;2	;Disminuir por60.0%	; --%	;0	;Disminuir por100.0%	; --%	;8	;Disminuir por60.0%	; --%	;0	;Disminuir por100.0%	; --%	;1	;Disminuir por50.0%	; --%	;
92	;(Lunes)2026/03/02	;0	; --%	; --%	;0	; --%	; --%	;0	;Disminuir por100.0%	; --%	;5	;Aumentar por66.7%	; --%	;1	; --%	; --%	;9	;Aumentar por28.6%	; --%	;0	; --%	; --%	;1	;Sin cambios	; --%	;
93	;(Martes)2026/03/03	;0	; --%	; --%	;0	; --%	; --%	;0	; --%	; --%	;0	; --%	; --%	;2	; --%	; --%	;1	;Disminuir por75.0%	; --%	;0	;Disminuir por100.0%	; --%	;1	;Disminuir por50.0%	; --%	;
94	;(Miércoles)2026/03/04	;0	; --%	; --%	;0	; --%	; --%	;0	;Disminuir por100.0%	; --%	;1	;Disminuir por50.0%	; --%	;0	; --%	; --%	;13	;Aumentar por44.4%	; --%	;0	;Disminuir por100.0%	; --%	;0	;Disminuir por100.0%	; --%	;
95	;(Jueves)2026/03/05	;0	; --%	; --%	;0	; --%	; --%	;0	;Disminuir por100.0%	; --%	;1	;Disminuir por85.7%	; --%	;0	; --%	; --%	;16	;Aumentar por60.0%	; --%	;0	;Disminuir por100.0%	; --%	;0	;Disminuir por100.0%	; --%	;
96	;(Viernes)2026/03/06	;0	; --%	; --%	;0	; --%	; --%	;0	;Disminuir por100.0%	; --%	;3	;Sin cambios	; --%	;0	; --%	; --%	;15	;Aumentar por114.3%	; --%	;0	;Disminuir por100.0%	; --%	;1	;Disminuir por66.7%	; --%	;
97	;(Sábado)2026/03/07	;0	; --%	; --%	;0	; --%	; --%	;0	; --%	; --%	;1	;Disminuir por66.7%	; --%	;0	; --%	; --%	;12	;Disminuir por20.0%	; --%	;1	;Sin cambios	; --%	;2	;Disminuir por60.0%	; --%	;
98	;(Domingo)2026/03/08	;0	; --%	; --%	;0	; --%	; --%	;0	; --%	; --%	;1	;Disminuir por85.7%	; --%	;0	; --%	; --%	;3	;Disminuir por80.0%	; --%	;3	; --%	; --%	;5	;Aumentar por66.7%	; --%	;
99	;(Lunes)2026/03/09	;0	; --%	; --%	;0	; --%	; --%	;0	; --%	; --%	;0	;Disminuir por100.0%	; --%	;0	; --%	; --%	;9	;Aumentar por28.6%	; --%	;1	;Sin cambios	; --%	;2	;Sin cambios	; --%	;
100	;(Martes)2026/03/10	;0	; --%	; --%	;0	; --%	; --%	;0	; --%	; --%	;2	;Disminuir por50.0%	; --%	;0	; --%	; --%	;15	;Aumentar por114.3%	; --%	;0	; --%	; --%	;1	;Sin cambios	; --%	;
101	;(Miércoles)2026/03/11	;0	; --%	; --%	;0	; --%	; --%	;2	;Aumentar por100.0%	; --%	;4	;Disminuir por42.9%	; --%	;0	;Disminuir por100.0%	; --%	;19	;Aumentar por35.7%	; --%	;0	;Disminuir por100.0%	; --%	;1	;Disminuir por75.0%	; --%	;
102	;(Jueves)2026/03/12	;0	; --%	; --%	;0	; --%	; --%	;1	; --%	; --%	;0	;Disminuir por100.0%	; --%	;5	; --%	; --%	;12	;Aumentar por9.1%	; --%	;0	;Disminuir por100.0%	; --%	;1	;Disminuir por80.0%	; --%	;
103	;(Viernes)2026/03/13	;0	; --%	; --%	;0	; --%	; --%	;1	; --%	; --%	;1	;Disminuir por66.7%	; --%	;1	;Sin cambios	; --%	;8	;Disminuir por50.0%	; --%	;0	;Disminuir por100.0%	; --%	;2	;Disminuir por71.4%	; --%	;
104	;(Sábado)2026/03/14	;0	; --%	; --%	;0	; --%	; --%	;0	;Disminuir por100.0%	; --%	;0	;Disminuir por100.0%	; --%	;0	; --%	; --%	;7	;Disminuir por53.3%	; --%	;1	;Sin cambios	; --%	;2	;Disminuir por33.3%	; --%	;
105	;(Domingo)2026/03/15	;0	; --%	; --%	;0	; --%	; --%	;0	; --%	; --%	;1	;Disminuir por75.0%	; --%	;0	;Disminuir por100.0%	; --%	;5	;Disminuir por58.3%	; --%	;0	; --%	; --%	;0	;Disminuir por100.0%	; --%	;
106	;(Lunes)2026/03/16	;0	; --%	; --%	;0	; --%	; --%	;0	;Disminuir por100.0%	; --%	;2	;Sin cambios	; --%	;1	; --%	; --%	;13	;Aumentar por8.3%	; --%	;1	; --%	; --%	;4	;Aumentar por300.0%	; --%	;
107	;(Martes)2026/03/17	;0	; --%	; --%	;0	; --%	; --%	;0	; --%	; --%	;0	; --%	; --%	;0	; --%	; --%	;6	;Disminuir por45.5%	; --%	;1	;Disminuir por50.0%	; --%	;2	;Disminuir por50.0%	; --%	;
108	;(Miércoles)2026/03/18	;0	; --%	; --%	;0	; --%	; --%	;1	;Sin cambios	; --%	;2	;Disminuir por66.7%	; --%	;0	; --%	; --%	;2	;Disminuir por81.8%	; --%	;0	; --%	; --%	;0	;Disminuir por100.0%	; --%	;
109	;(Jueves)2026/03/19	;0	; --%	; --%	;0	; --%	; --%	;0	;Disminuir por100.0%	; --%	;0	;Disminuir por100.0%	; --%	;0	; --%	; --%	;8	;Disminuir por42.9%	; --%	;0	;Disminuir por100.0%	; --%	;1	;Disminuir por75.0%	; --%	;
110	;(Viernes)2026/03/20	;0	; --%	; --%	;0	; --%	; --%	;0	; --%	; --%	;4	;Aumentar por300.0%	; --%	;0	; --%	; --%	;9	;Aumentar por12.5%	; --%	;0	;Disminuir por100.0%	; --%	;1	;Disminuir por85.7%	; --%	;
111	;(Sábado)2026/03/21	;0	; --%	; --%	;0	; --%	; --%	;0	;Disminuir por100.0%	; --%	;0	;Disminuir por100.0%	; --%	;0	; --%	; --%	;4	;Disminuir por60.0%	; --%	;1	;Sin cambios	; --%	;2	;Disminuir por60.0%	; --%	;
112	;(Domingo)2026/03/22	;0	; --%	; --%	;0	; --%	; --%	;0	; --%	; --%	;0	;Disminuir por100.0%	; --%	;0	; --%	; --%	;6	;Disminuir por40.0%	; --%	;0	;Disminuir por100.0%	; --%	;2	;Disminuir por50.0%	; --%	;
113	;(Lunes)2026/03/23	;0	; --%	; --%	;0	; --%	; --%	;0	; --%	; --%	;2	;Aumentar por100.0%	; --%	;0	; --%	; --%	;0	;Disminuir por100.0%	; --%	;0	;Disminuir por100.0%	; --%	;0	;Disminuir por100.0%	; --%	;
114	;(Martes)2026/03/24	;0	; --%	; --%	;0	; --%	; --%	;0	; --%	; --%	;0	; --%	; --%	;0	; --%	; --%	;6	;Disminuir por25.0%	; --%	;3	;Aumentar por200.0%	; --%	;5	;Aumentar por400.0%	; --%	;
115	;(Miércoles)2026/03/25	;0	; --%	; --%	;0	; --%	; --%	;0	;Disminuir por100.0%	; --%	;0	;Disminuir por100.0%	; --%	;0	;Disminuir por100.0%	; --%	;0	;Disminuir por100.0%	; --%	;0	;Disminuir por100.0%	; --%	;0	;Disminuir por100.0%	; --%	;
116	;(Jueves)2026/03/26	;0	; --%	; --%	;0	; --%	; --%	;0	;Disminuir por100.0%	; --%	;0	;Disminuir por100.0%	; --%	;1	;Sin cambios	; --%	;6	;Disminuir por70.0%	; --%	;1	;Disminuir por66.7%	; --%	;2	;Disminuir por60.0%	; --%	;
117	;(Viernes)2026/03/27	;0	; --%	; --%	;0	; --%	; --%	;0	;Disminuir por100.0%	; --%	;2	;Disminuir por66.7%	; --%	;0	;Disminuir por100.0%	; --%	;4	;Disminuir por63.6%	; --%	;0	;Disminuir por100.0%	; --%	;1	;Disminuir por75.0%	; --%	;
118	;(Sábado)2026/03/28	;0	; --%	; --%	;0	; --%	; --%	;0	; --%	; --%	;3	;Disminuir por25.0%	; --%	;0	;Disminuir por100.0%	; --%	;4	;Disminuir por66.7%	; --%	;0	; --%	; --%	;0	;Disminuir por100.0%	; --%	;
119	;(Domingo)2026/03/29	;0	; --%	; --%	;0	; --%	; --%	;0	; --%	; --%	;0	;Disminuir por100.0%	; --%	;0	; --%	; --%	;5	;Disminuir por44.4%	; --%	;1	; --%	; --%	;2	;Sin cambios	; --%	;
120	;(Lunes)2026/03/30	;0	; --%	; --%	;0	; --%	; --%	;0	; --%	; --%	;2	;Aumentar por100.0%	; --%	;0	; --%	; --%	;12	;Aumentar por50.0%	; --%	;0	; --%	; --%	;1	;Sin cambios	; --%	;
121	;(Martes)2026/03/31	;0	; --%	; --%	;0	; --%	; --%	;0	; --%	; --%	;7	; --%	; --%	;1	; --%	; --%	;11	;Aumentar por120.0%	; --%	;3	; --%	; --%	;6	;Aumentar por500.0%	; --%	;
122	;(Miércoles)2026/04/01	;0	; --%	; --%	;0	; --%	; --%	;1	;Disminuir por50.0%	; --%	;8	;Aumentar por60.0%	; --%	;1	; --%	; --%	;19	;Aumentar por90.0%	; --%	;4	; --%	; --%	;10	;Aumentar por400.0%	; --%	;
123	;(Jueves)2026/04/02	;0	; --%	; --%	;0	; --%	; --%	;0	; --%	; --%	;5	;Aumentar por66.7%	; --%	;0	; --%	; --%	;10	;Disminuir por52.4%	; --%	;1	;Sin cambios	; --%	;5	;Aumentar por66.7%	; --%	;
124	;(Viernes)2026/04/03	;0	; --%	; --%	;0	; --%	; --%	;3	; --%	; --%	;7	; --%	; --%	;0	; --%	; --%	;7	;Aumentar por16.7%	; --%	;0	; --%	; --%	;0	;Disminuir por100.0%	; --%	;
125	;(Sábado)2026/04/04	;0	; --%	; --%	;0	; --%	; --%	;1	;Disminuir por50.0%	; --%	;5	;Sin cambios	; --%	;0	;Disminuir por100.0%	; --%	;10	;Disminuir por28.6%	; --%	;0	; --%	; --%	;0	;Disminuir por100.0%	; --%	;
126	;(Domingo)2026/04/05	;0	; --%	; --%	;0	; --%	; --%	;0	; --%	; --%	;1	;Disminuir por75.0%	; --%	;1	; --%	; --%	;1	;Disminuir por90.0%	; --%	;0	; --%	; --%	;1	;Disminuir por50.0%	; --%	;
127	;(Lunes)2026/04/06	;0	; --%	; --%	;0	; --%	; --%	;2	; --%	; --%	;6	;Aumentar por200.0%	; --%	;0	; --%	; --%	;0	;Disminuir por100.0%	; --%	;0	; --%	; --%	;2	;Aumentar por100.0%	; --%	;
128	;(Martes)2026/04/07	;0	; --%	; --%	;0	; --%	; --%	;0	; --%	; --%	;2	; --%	; --%	;0	; --%	; --%	;5	;Aumentar por66.7%	; --%	;2	;Sin cambios	; --%	;3	;Sin cambios	; --%	;
129	;(Miércoles)2026/04/08	;0	; --%	; --%	;0	; --%	; --%	;1	; --%	; --%	;4	;Sin cambios	; --%	;0	; --%	; --%	;7	;Disminuir por46.2%	; --%	;3	;Aumentar por200.0%	; --%	;6	;Sin cambios	; --%	;
130	;(Jueves)2026/04/09	;0	; --%	; --%	;0	; --%	; --%	;2	;Sin cambios	; --%	;8	;Aumentar por60.0%	; --%	;0	;Disminuir por100.0%	; --%	;12	;Disminuir por7.7%	; --%	;4	;Aumentar por300.0%	; --%	;8	;Aumentar por166.7%	; --%	;
131	;(Viernes)2026/04/10	;0	; --%	; --%	;0	; --%	; --%	;1	;Disminuir por50.0%	; --%	;3	;Disminuir por50.0%	; --%	;0	; --%	; --%	;16	;Aumentar por77.8%	; --%	;0	;Disminuir por100.0%	; --%	;3	;Disminuir por25.0%	; --%	;
132	;(Sábado)2026/04/11	;0	; --%	; --%	;0	; --%	; --%	;1	;Sin cambios	; --%	;2	;Disminuir por71.4%	; --%	;0	;Disminuir por100.0%	; --%	;4	;Disminuir por69.2%	; --%	;0	;Disminuir por100.0%	; --%	;2	;Disminuir por71.4%	; --%	;
133	;(Domingo)2026/04/12	;0	; --%	; --%	;0	; --%	; --%	;0	;Disminuir por100.0%	; --%	;0	;Disminuir por100.0%	; --%	;0	;Disminuir por100.0%	; --%	;9	;Disminuir por10.0%	; --%	;0	; --%	; --%	;1	;Disminuir por50.0%	; --%	;
134	;(Lunes)2026/04/13	;0	; --%	; --%	;0	; --%	; --%	;0	; --%	; --%	;1	;Sin cambios	; --%	;0	; --%	; --%	;7	;Aumentar por40.0%	; --%	;0	; --%	; --%	;2	;Sin cambios	; --%	;
135	;(Martes)2026/04/14	;0	; --%	; --%	;0	; --%	; --%	;0	; --%	; --%	;1	; --%	; --%	;0	; --%	; --%	;10	;Aumentar por150.0%	; --%	;0	;Disminuir por100.0%	; --%	;2	;Disminuir por33.3%	; --%	;
136	;(Miércoles)2026/04/15	;0	; --%	; --%	;0	; --%	; --%	;0	; --%	; --%	;0	; --%	; --%	;0	; --%	; --%	;10	;Aumentar por25.0%	; --%	;1	;Disminuir por66.7%	; --%	;3	;Disminuir por40.0%	; --%	;
137	;(Jueves)2026/04/16	;0	; --%	; --%	;0	; --%	; --%	;0	; --%	; --%	;4	; --%	; --%	;0	;Disminuir por100.0%	; --%	;12	;Aumentar por33.3%	; --%	;0	; --%	; --%	;3	;Sin cambios	; --%	;
138	;(Viernes)2026/04/17	;0	; --%	; --%	;0	; --%	; --%	;0	; --%	; --%	;2	;Sin cambios	; --%	;0	; --%	; --%	;12	;Aumentar por20.0%	; --%	;0	; --%	; --%	;1	;Disminuir por66.7%	; --%	;
139	;(Sábado)2026/04/18	;0	; --%	; --%	;0	; --%	; --%	;0	;Disminuir por100.0%	; --%	;1	;Disminuir por75.0%	; --%	;0	; --%	; --%	;1	;Disminuir por90.0%	; --%	;0	;Disminuir por100.0%	; --%	;1	;Disminuir por88.9%	; --%	;
140	;(Domingo)2026/04/19	;0	; --%	; --%	;0	; --%	; --%	;0	; --%	; --%	;0	;Disminuir por100.0%	; --%	;0	; --%	; --%	;2	;Disminuir por89.5%	; --%	;0	; --%	; --%	;2	;Aumentar por100.0%	; --%	;
141	;(Lunes)2026/04/20	;0	; --%	; --%	;0	; --%	; --%	;0	; --%	; --%	;1	; --%	; --%	;0	; --%	; --%	;11	;Aumentar por22.2%	; --%	;0	; --%	; --%	;1	; --%	; --%	;
142	;(Martes)2026/04/21	;0	; --%	; --%	;0	; --%	; --%	;0	; --%	; --%	;2	; --%	; --%	;0	; --%	; --%	;6	;Aumentar por100.0%	; --%	;1	; --%	; --%	;5	; --%	; --%	;
143	;(Miércoles)2026/04/22	;0	; --%	; --%	;0	; --%	; --%	;0	; --%	; --%	;0	;Disminuir por100.0%	; --%	;0	;Disminuir por100.0%	; --%	;10	;Aumentar por42.9%	; --%	;1	; --%	; --%	;3	; --%	; --%	;
144	;(Jueves)2026/04/23	;0	; --%	; --%	;0	; --%	; --%	;0	;Disminuir por100.0%	; --%	;4	;Aumentar por33.3%	; --%	;0	; --%	; --%	;11	;Aumentar por10.0%	; --%	;0	;Disminuir por100.0%	; --%	;3	;Sin cambios	; --%	;
145	;(Viernes)2026/04/24	;0	; --%	; --%	;0	; --%	; --%	;0	;Disminuir por100.0%	; --%	;3	;Aumentar por50.0%	;Aumentar por200.0%	;0	; --%	; --%	;8	;Disminuir por38.5%	;Disminuir por33.3%	;1	;Sin cambios	;Sin cambios	;2	;Disminuir por50.0%	;Disminuir por50.0%	;
146	;(Sábado)2026/04/25	;0	; --%	; --%	;0	; --%	; --%	;0	; --%	; --%	;0	;Disminuir por100.0%	;Disminuir por100.0%	;0	;Disminuir por100.0%	;Disminuir por100.0%	;6	;Disminuir por57.1%	;Disminuir por53.8%	;1	;Sin cambios	;Disminuir por50.0%	;2	;Disminuir por66.7%	;Disminuir por33.3%	;
147	;(Domingo)2026/04/26	;0	; --%	; --%	;0	; --%	; --%	;0	; --%	; --%	;0	;Disminuir por100.0%	;Disminuir por100.0%	;0	; --%	; --%	;2	;Disminuir por88.2%	;Disminuir por75.0%	;1	;Sin cambios	; --%	;2	;Disminuir por71.4%	;Aumentar por100.0%	;
148	;(Lunes)2026/04/27	;0	; --%	; --%	;0	; --%	; --%	;0	; --%	; --%	;0	; --%	; --%	;0	;Disminuir por100.0%	; --%	;8	;Disminuir por50.0%	;Aumentar por100.0%	;0	;Disminuir por100.0%	; --%	;1	;Disminuir por66.7%	;Sin cambios	;
149	;(Martes)2026/04/28	;0	; --%	; --%	;0	; --%	; --%	;1	; --%	; --%	;6	;Aumentar por500.0%	; --%	;0	;Disminuir por100.0%	;Disminuir por100.0%	;7	;Disminuir por41.7%	;Aumentar por40.0%	;0	; --%	;Disminuir por100.0%	;0	;Disminuir por100.0%	;Disminuir por100.0%	;
150	;(Miércoles)2026/04/29	;0	; --%	; --%	;0	; --%	; --%	;0	; --%	; --%	;2	;Sin cambios	;Aumentar por100.0%	;0	; --%	; --%	;16	;Aumentar por60.0%	;Aumentar por166.7%	;1	; --%	; --%	;4	;Aumentar por33.3%	; --%	;
151	;(Jueves)2026/04/30	;0	; --%	; --%	;0	; --%	; --%	;0	; --%	; --%	;6	;Aumentar por20.0%	;Disminuir por14.3%	;0	; --%	; --%	;13	;Disminuir por48.0%	;Disminuir por27.8%	;3	;Aumentar por200.0%	;Aumentar por200.0%	;5	;Sin cambios	;Aumentar por66.7%	;
152	;(Viernes)2026/05/01	;0	; --%	; --%	;0	; --%	; --%	;0	; --%	; --%	;2	;Aumentar por100.0%	;Aumentar por100.0%	;0	;Disminuir por100.0%	; --%	;1	;Disminuir por88.9%	;Sin cambios	;1	;Disminuir por91.7%	; --%	;2	;Disminuir por84.6%	;Aumentar por100.0%	;
153	;(Sábado)2026/05/02	;0	; --%	; --%	;0	; --%	; --%	;0	;Disminuir por100.0%	;Disminuir por100.0%	;0	;Disminuir por100.0%	;Disminuir por100.0%	;0	; --%	; --%	;6	;Sin cambios	;Disminuir por25.0%	;2	; --%	;Sin cambios	;4	; --%	;Sin cambios	;
154	;(Domingo)2026/05/03	;0	; --%	; --%	;0	; --%	; --%	;0	; --%	; --%	;0	;Disminuir por100.0%	;Disminuir por100.0%	;0	; --%	; --%	;5	;Disminuir por66.7%	;Aumentar por66.7%	;0	; --%	;Disminuir por100.0%	;1	;Sin cambios	;Disminuir por66.7%	;
155	;(Lunes)2026/05/04	;0	; --%	; --%	;0	; --%	; --%	;0	; --%	; --%	;1	; --%	;Sin cambios	;0	; --%	; --%	;13	;Aumentar por116.7%	;Aumentar por1200.0%	;2	; --%	;Aumentar por100.0%	;4	;Aumentar por300.0%	;Aumentar por300.0%	;
156	;(Martes)2026/05/05	;0	; --%	; --%	;0	; --%	; --%	;0	; --%	;Disminuir por100.0%	;1	; --%	;Disminuir por50.0%	;0	; --%	;Disminuir por100.0%	;13	;Aumentar por333.3%	;Disminuir por13.3%	;2	; --%	; --%	;3	;Aumentar por200.0%	;Aumentar por50.0%	;
157	;(Miércoles)2026/05/06	;0	; --%	; --%	;0	;Disminuir por100.0%	; --%	;1	;Disminuir por50.0%	; --%	;0	;Disminuir por100.0%	; --%	;1	;Disminuir por85.7%	; --%	;15	;Disminuir por31.8%	;Aumentar por114.3%	;1	;Disminuir por66.7%	; --%	;5	;Disminuir por28.6%	;Aumentar por400.0%	;
158	;(Jueves)2026/05/07	;0	; --%	; --%	;0	; --%	; --%	;2	;Disminuir por80.0%	;Aumentar por100.0%	;7	;Disminuir por50.0%	;Aumentar por75.0%	;0	; --%	;Disminuir por100.0%	;17	;Aumentar por112.5%	;Aumentar por112.5%	;1	; --%	;Sin cambios	;3	;Aumentar por50.0%	;Aumentar por50.0%	;
159	;(Viernes)2026/05/08	;0	; --%	; --%	;0	; --%	; --%	;2	; --%	; --%	;5	;Aumentar por66.7%	;Disminuir por16.7%	;1	; --%	;Disminuir por94.4%	;8	;Aumentar por33.3%	;Disminuir por77.8%	;2	; --%	;Aumentar por100.0%	;3	;Sin cambios	;Disminuir por40.0%	;
160	;(Sábado)2026/05/09	;0	; --%	; --%	;0	; --%	; --%	;0	; --%	; --%	;0	;Disminuir por100.0%	;Disminuir por100.0%	;0	; --%	; --%	;9	;Disminuir por25.0%	;Aumentar por12.5%	;0	;Disminuir por100.0%	;Disminuir por100.0%	;1	;Disminuir por75.0%	;Disminuir por50.0%	;
161	;(Domingo)2026/05/10	;0	; --%	; --%	;0	; --%	; --%	;0	; --%	; --%	;0	; --%	;Disminuir por100.0%	;0	; --%	; --%	;2	;Disminuir por75.0%	;Disminuir por66.7%	;0	; --%	; --%	;1	;Sin cambios	; --%	;
162	;(Lunes)2026/05/11	;0	; --%	; --%	;0	; --%	; --%	;0	; --%	;Disminuir por100.0%	;1	; --%	;Disminuir por50.0%	;0	; --%	; --%	;10	;Aumentar por233.3%	;Aumentar por66.7%	;0	; --%	; --%	;2	;Aumentar por100.0%	; --%	;
163	;(Martes)2026/05/12	;0	; --%	; --%	;0	; --%	; --%	;0	; --%	; --%	;2	; --%	;Aumentar por100.0%	;0	; --%	;Disminuir por100.0%	;9	;Aumentar por50.0%	;Aumentar por200.0%	;0	; --%	; --%	;1	;Sin cambios	; --%	;
164	;(Miércoles)2026/05/13	;0	; --%	; --%	;0	; --%	; --%	;2	; --%	; --%	;4	; --%	; --%	;0	; --%	; --%	;6	;Disminuir por53.8%	; --%	;2	; --%	; --%	;3	; --%	; --%	;
165	;(Jueves)2026/05/14	;0	; --%	; --%	;0	; --%	; --%	;0	; --%	; --%	;2	;Disminuir por50.0%	; --%	;1	; --%	;Sin cambios	;6	;Disminuir por57.1%	;Aumentar por500.0%	;0	; --%	; --%	;1	;Disminuir por66.7%	; --%	;
166	;(Viernes)2026/05/15	;0	; --%	; --%	;0	; --%	; --%	;0	; --%	; --%	;2	;Disminuir por33.3%	;Aumentar por100.0%	;0	; --%	; --%	;6	;Disminuir por14.3%	;Aumentar por100.0%	;0	;Disminuir por100.0%	; --%	;0	;Disminuir por100.0%	; --%	;
167	;(Sábado)2026/05/16	;0	; --%	; --%	;0	; --%	; --%	;0	;Disminuir por100.0%	;Disminuir por100.0%	;1	;Disminuir por50.0%	;Disminuir por75.0%	;0	; --%	;Disminuir por100.0%	;4	;Disminuir por42.9%	;Disminuir por66.7%	;0	; --%	; --%	;2	;Aumentar por100.0%	;Aumentar por100.0%	;
168	;(Domingo)2026/05/17	;0	; --%	; --%	;0	; --%	; --%	;0	; --%	;Disminuir por100.0%	;0	;Disminuir por100.0%	;Disminuir por100.0%	;0	;Disminuir por100.0%	; --%	;1	;Disminuir por83.3%	;Disminuir por50.0%	;0	; --%	; --%	;1	;Disminuir por50.0%	; --%	;
169	;(Lunes)2026/05/18	;0	; --%	; --%	;0	; --%	; --%	;0	; --%	; --%	;0	; --%	; --%	;0	;Disminuir por100.0%	; --%	;7	;Disminuir por12.5%	;Aumentar por250.0%	;0	;Disminuir por100.0%	;Disminuir por100.0%	;2	;Disminuir por71.4%	;Sin cambios	;
170	;(Martes)2026/05/19	;0	; --%	; --%	;0	; --%	; --%	;0	;Disminuir por100.0%	; --%	;3	; --%	;Aumentar por200.0%	;0	; --%	;Disminuir por100.0%	;7	;Aumentar por600.0%	;Disminuir por41.7%	;0	; --%	; --%	;0	;Disminuir por100.0%	; --%	;
171	;(Miércoles)2026/05/20	;0	; --%	; --%	;0	; --%	; --%	;0	;Disminuir por100.0%	; --%	;1	;Disminuir por83.3%	;Sin cambios	;0	; --%	; --%	;18	;Disminuir por25.0%	;Aumentar por100.0%	;0	;Disminuir por100.0%	; --%	;1	;Disminuir por75.0%	;Sin cambios	;
172	;(Jueves)2026/05/21	;0	; --%	; --%	;0	; --%	; --%	;1	; --%	; --%	;6	;Aumentar por100.0%	;Aumentar por200.0%	;0	; --%	; --%	;11	;Aumentar por83.3%	;Aumentar por37.5%	;0	; --%	;Disminuir por100.0%	;1	;Sin cambios	;Disminuir por50.0%	;
173	;(Viernes)2026/05/22	;0	; --%	; --%	;0	; --%	; --%	;1	; --%	; --%	;4	;Aumentar por300.0%	;Disminuir por20.0%	;1	;Disminuir por75.0%	; --%	;9	;Disminuir por35.7%	;Disminuir por10.0%	;0	; --%	;Disminuir por100.0%	;1	; --%	;Disminuir por90.9%	;
174	;(Sábado)2026/05/23	;0	; --%	; --%	;0	; --%	; --%	;1	; --%	;Disminuir por50.0%	;3	;Aumentar por200.0%	;Disminuir por40.0%	;0	; --%	; --%	;0	;Disminuir por100.0%	;Disminuir por100.0%	;0	;Disminuir por100.0%	; --%	;0	;Disminuir por100.0%	; --%	;
175	;(Domingo)2026/05/24	;0	; --%	; --%	;0	; --%	; --%	;0	;Disminuir por100.0%	; --%	;0	;Disminuir por100.0%	;Disminuir por100.0%	;0	; --%	; --%	;0	;Disminuir por100.0%	;Disminuir por100.0%	;0	;Disminuir por100.0%	; --%	;1	;Disminuir por50.0%	;Sin cambios	;
176	;(Lunes)2026/05/25	;0	; --%	; --%	;0	; --%	; --%	;1	; --%	; --%	;2	; --%	;Aumentar por100.0%	;1	; --%	; --%	;18	;Aumentar por157.1%	;Aumentar por800.0%	;1	; --%	; --%	;4	; --%	;Aumentar por300.0%	;
177	;(Martes)2026/05/26	;0	; --%	; --%	;0	; --%	; --%	;0	; --%	; --%	;3	; --%	; --%	;0	;Disminuir por100.0%	;Disminuir por100.0%	;16	;Aumentar por128.6%	;Aumentar por77.8%	;1	; --%	;Sin cambios	;3	; --%	;Sin cambios	;
178	;(Miércoles)2026/05/27	;0	; --%	; --%	;0	; --%	; --%	;0	; --%	;Disminuir por100.0%	;0	; --%	;Disminuir por100.0%	;0	; --%	; --%	;14	;Aumentar por133.3%	;Aumentar por180.0%	;1	; --%	; --%	;4	;Aumentar por300.0%	; --%	;
179	;(Jueves)2026/05/28	;0	; --%	; --%	;0	; --%	; --%	;1	; --%	; --%	;7	; --%	;Aumentar por600.0%	;0	; --%	; --%	;23	;Aumentar por360.0%	;Aumentar por21.1%	;1	; --%	;Sin cambios	;4	; --%	;Disminuir por20.0%	;
180	;(Viernes)2026/05/29	;0	; --%	; --%	;0	; --%	; --%	;0	; --%	;Disminuir por100.0%	;4	; --%	;Sin cambios	;1	;Sin cambios	; --%	;12	;Aumentar por71.4%	;Disminuir por40.0%	;0	;Disminuir por100.0%	;Disminuir por100.0%	;0	;Disminuir por100.0%	;Disminuir por100.0%	;
181	;(Sábado)2026/05/30	;0	; --%	; --%	;0	; --%	; --%	;0	; --%	; --%	;1	; --%	;Disminuir por87.5%	;0	; --%	;Disminuir por100.0%	;7	;Sin cambios	;Disminuir por41.7%	;0	; --%	;Disminuir por100.0%	;1	;Sin cambios	;Disminuir por66.7%	;
182	;(Domingo)2026/05/31	;0	; --%	; --%	;0	; --%	; --%	;0	; --%	; --%	;0	;Disminuir por100.0%	; --%	;0	; --%	; --%	;3	;Disminuir por40.0%	;Aumentar por50.0%	;0	;Disminuir por100.0%	; --%	;1	;Disminuir por66.7%	;Sin cambios	;
183	;(Lunes)2026/06/01	;0	; --%	; --%	;0	; --%	; --%	;0	; --%	;Disminuir por100.0%	;0	; --%	;Disminuir por100.0%	;0	; --%	; --%	;16	;Aumentar por1500.0%	;Aumentar por1500.0%	;2	; --%	; --%	;8	;Aumentar por700.0%	; --%	;
184	;(Martes)2026/06/02	;0	; --%	; --%	;0	; --%	; --%	;2	; --%	;Sin cambios	;7	; --%	;Aumentar por75.0%	;0	; --%	;Disminuir por100.0%	;20	;Aumentar por1900.0%	;Aumentar por185.7%	;1	; --%	;Sin cambios	;6	;Aumentar por500.0%	;Aumentar por200.0%	;
185	;(Miércoles)2026/06/03	;0	; --%	; --%	;0	; --%	; --%	;1	; --%	;Disminuir por66.7%	;3	;Aumentar por200.0%	;Disminuir por62.5%	;0	; --%	; --%	;19	;Aumentar por533.3%	;Aumentar por11.8%	;1	; --%	; --%	;3	;Aumentar por200.0%	;Aumentar por200.0%	;
186	;(Jueves)2026/06/04	;0	; --%	; --%	;0	; --%	; --%	;0	; --%	;Disminuir por100.0%	;4	; --%	;Disminuir por55.6%	;0	; --%	;Disminuir por100.0%	;18	;Aumentar por50.0%	;Aumentar por20.0%	;1	; --%	;Sin cambios	;4	;Aumentar por300.0%	;Aumentar por33.3%	;
187	;(Viernes)2026/06/05	;0	; --%	; --%	;0	; --%	; --%	;0	; --%	; --%	;1	;Sin cambios	;Disminuir por50.0%	;0	;Disminuir por100.0%	; --%	;16	;Aumentar por128.6%	;Aumentar por6.7%	;1	; --%	;Disminuir por50.0%	;4	;Aumentar por100.0%	;Aumentar por33.3%	;
188	;(Sábado)2026/06/06	;0	; --%	; --%	;0	; --%	; --%	;2	; --%	;Aumentar por100.0%	;4	; --%	;Disminuir por42.9%	;0	; --%	;Disminuir por100.0%	;9	;Aumentar por125.0%	;Disminuir por47.1%	;0	;Disminuir por100.0%	; --%	;1	;Disminuir por80.0%	;Sin cambios	;
189	;(Domingo)2026/06/07	;0	; --%	; --%	;0	; --%	; --%	;0	; --%	; --%	;1	;Disminuir por50.0%	;Disminuir por66.7%	;0	; --%	; --%	;4	;Disminuir por55.6%	;Disminuir por63.6%	;1	; --%	; --%	;2	;Sin cambios	;Aumentar por100.0%	;
190	;(Lunes)2026/06/08	;0	; --%	; --%	;0	; --%	; --%	;0	; --%	; --%	;3	; --%	;Aumentar por200.0%	;0	; --%	; --%	;11	;Aumentar por10.0%	; --%	;1	; --%	;Sin cambios	;3	;Aumentar por200.0%	;Aumentar por50.0%	;
191	;(Martes)2026/06/09	;0	; --%	; --%	;0	; --%	; --%	;0	; --%	; --%	;2	; --%	;Disminuir por50.0%	;0	; --%	;Disminuir por100.0%	;12	;Aumentar por140.0%	;Aumentar por20.0%	;1	; --%	; --%	;3	;Aumentar por200.0%	; --%	;
192	;(Miércoles)2026/06/10	;0	; --%	; --%	;0	; --%	; --%	;0	;Disminuir por100.0%	; --%	;3	;Disminuir por50.0%	;Aumentar por50.0%	;2	;Aumentar por100.0%	;Aumentar por100.0%	;16	;Aumentar por300.0%	;Aumentar por128.6%	;0	; --%	; --%	;3	; --%	;Aumentar por200.0%	;
193	;(Jueves)2026/06/11	;0	; --%	; --%	;0	; --%	; --%	;0	; --%	; --%	;3	;Aumentar por200.0%	;Aumentar por200.0%	;0	; --%	; --%	;14	;Aumentar por75.0%	;Aumentar por40.0%	;0	; --%	;Disminuir por100.0%	;1	;Sin cambios	;Disminuir por85.7%	;
194	;(Viernes)2026/06/12	;0	; --%	;Disminuir por100.0%	;0	; --%	;Disminuir por100.0%	;1	; --%	; --%	;4	; --%	;Aumentar por33.3%	;1	;Sin cambios	; --%	;23	;Aumentar por130.0%	;Aumentar por91.7%	;0	;Disminuir por100.0%	; --%	;4	;Aumentar por33.3%	;Aumentar por100.0%	;
195	;(Sábado)2026/06/13	;0	; --%	; --%	;0	; --%	; --%	;0	; --%	; --%	;3	;Aumentar por200.0%	;Disminuir por40.0%	;0	; --%	;Disminuir por100.0%	;7	;Disminuir por41.7%	;Disminuir por65.0%	;0	; --%	;Disminuir por100.0%	;1	;Disminuir por50.0%	;Disminuir por80.0%	;
196	;(Domingo)2026/06/14	;0	; --%	; --%	;0	; --%	; --%	;0	; --%	; --%	;0	;Disminuir por100.0%	; --%	;0	;Disminuir por100.0%	; --%	;6	;Disminuir por73.9%	;Disminuir por25.0%	;0	; --%	; --%	;1	;Sin cambios	;Sin cambios	;
197	;(Lunes)2026/06/15	;0	; --%	; --%	;0	; --%	; --%	;0	; --%	; --%	;2	; --%	; --%	;1	;Sin cambios	; --%	;19	;Aumentar por375.0%	;Aumentar por137.5%	;0	; --%	; --%	;3	; --%	;Aumentar por50.0%	;
198	;(Martes)2026/06/16	;0	; --%	; --%	;0	; --%	; --%	;0	; --%	; --%	;5	;Aumentar por400.0%	;Aumentar por150.0%	;0	; --%	; --%	;17	;Aumentar por466.7%	;Aumentar por30.8%	;0	; --%	;Disminuir por100.0%	;5	; --%	;Aumentar por25.0%	;
199	;(Miércoles)2026/06/17	;0	; --%	; --%	;0	; --%	; --%	;0	;Disminuir por100.0%	; --%	;6	;Aumentar por100.0%	;Aumentar por100.0%	;0	; --%	; --%	;13	;Aumentar por30.0%	;Aumentar por116.7%	;2	; --%	; --%	;3	; --%	;Aumentar por200.0%	;
200	;(Jueves)2026/06/18	;0	; --%	; --%	;0	; --%	; --%	;1	; --%	;Sin cambios	;3	;Aumentar por200.0%	;Disminuir por40.0%	;0	; --%	; --%	;15	;Aumentar por50.0%	;Disminuir por11.8%	;0	; --%	;Disminuir por100.0%	;2	; --%	;Disminuir por75.0%	;
201	;(Viernes)2026/06/19	;0	; --%	;Disminuir por100.0%	;0	; --%	;Disminuir por100.0%	;1	; --%	;Sin cambios	;9	;Aumentar por800.0%	;Aumentar por50.0%	;1	;Sin cambios	; --%	;18	;Aumentar por28.6%	;Aumentar por38.5%	;2	; --%	;Aumentar por100.0%	;4	; --%	;Aumentar por33.3%	;
202	;(Sábado)2026/06/20	;0	; --%	; --%	;0	; --%	; --%	;1	; --%	; --%	;3	; --%	;Disminuir por50.0%	;0	; --%	; --%	;5	;Disminuir por37.5%	;Disminuir por61.5%	;0	;Disminuir por100.0%	; --%	;1	;Disminuir por80.0%	;Disminuir por50.0%	;
203	;(Domingo)2026/06/21	;0	; --%	; --%	;0	; --%	; --%	;0	;Disminuir por100.0%	; --%	;1	;Disminuir por66.7%	;Disminuir por50.0%	;0	;Disminuir por100.0%	; --%	;7	;Sin cambios	;Disminuir por12.5%	;0	; --%	; --%	;1	; --%	;Sin cambios	;
204	;(Lunes)2026/06/22	;0	; --%	; --%	;0	; --%	; --%	;1	; --%	; --%	;2	; --%	;Aumentar por100.0%	;0	; --%	; --%	;17	;Aumentar por54.5%	;Aumentar por750.0%	;3	; --%	; --%	;8	;Aumentar por700.0%	;Aumentar por700.0%	;
205	;(Martes)2026/06/23	;0	; --%	; --%	;0	; --%	; --%	;0	; --%	; --%	;5	;Aumentar por150.0%	;Aumentar por150.0%	;1	; --%	; --%	;24	;Aumentar por1100.0%	;Aumentar por41.2%	;1	; --%	;Sin cambios	;4	; --%	;Aumentar por33.3%	;
206	;(Miércoles)2026/06/24	;0	; --%	; --%	;0	; --%	; --%	;0	; --%	; --%	;2	; --%	;Sin cambios	;0	; --%	; --%	;7	;Disminuir por12.5%	;Disminuir por30.0%	;0	; --%	; --%	;2	;Aumentar por100.0%	;Sin cambios	;
207	;(Jueves)2026/06/25	;0	; --%	; --%	;0	; --%	; --%	;0	;Disminuir por100.0%	;Disminuir por100.0%	;6	;Disminuir por14.3%	;Aumentar por50.0%	;0	; --%	;Disminuir por100.0%	;18	;Aumentar por157.1%	;Aumentar por80.0%	;2	; --%	;Sin cambios	;7	; --%	;Aumentar por133.3%	;
208	;(Viernes)2026/06/26	;0	; --%	; --%	;0	; --%	; --%	;0	; --%	; --%	;2	; --%	;Disminuir por33.3%	;1	;Sin cambios	; --%	;21	;Aumentar por200.0%	;Aumentar por16.7%	;2	;Disminuir por33.3%	;Sin cambios	;8	;Aumentar por166.7%	;Aumentar por33.3%	;
209	;(Sábado)2026/06/27	;0	; --%	; --%	;0	; --%	; --%	;0	;Disminuir por100.0%	;Disminuir por100.0%	;3	;Sin cambios	;Disminuir por25.0%	;0	; --%	;Disminuir por100.0%	;8	;Aumentar por14.3%	;Disminuir por11.1%	;0	;Disminuir por100.0%	;Disminuir por100.0%	;1	;Disminuir por50.0%	;Disminuir por87.5%	;
210	;(Domingo)2026/06/28	;0	; --%	; --%	;0	; --%	; --%	;0	;Disminuir por100.0%	; --%	;2	;Disminuir por33.3%	;Sin cambios	;0	;Disminuir por100.0%	; --%	;3	;Disminuir por25.0%	;Disminuir por66.7%	;0	; --%	; --%	;1	; --%	;Disminuir por50.0%	;
211	;(Lunes)2026/06/29	;0	; --%	; --%	;0	; --%	; --%	;1	; --%	; --%	;2	;Aumentar por100.0%	; --%	;1	; --%	; --%	;11	;Aumentar por57.1%	;Aumentar por175.0%	;2	; --%	;Aumentar por100.0%	;6	; --%	;Aumentar por20.0%	;
212	;(Martes)2026/06/30	;0	; --%	; --%	;0	; --%	; --%	;1	;Sin cambios	;Disminuir por50.0%	;11	;Aumentar por266.7%	;Aumentar por120.0%	;2	; --%	; --%	;18	;Aumentar por800.0%	;Aumentar por63.6%	;1	; --%	; --%	;4	; --%	;Aumentar por100.0%	;
